Sample_ID,hsa.miR.148a.3p,hsa.let.7g.5p,hsa.let.7f.5p,hsa.miR.30a.5p,hsa.miR.146b.5p,hsa.miR.200a.3p,hsa.miR.3168,hsa.miR.99b.5p,hsa.miR.23a.3p,hsa.miR.671.3p,hsa.miR.30d.5p,hsa.let.7b.5p,hsa.let.7i.5p,hsa.miR.26a.5p,hsa.miR.21.5p,hsa.let.7a.5p,hsa.miR.99a.5p,hsa.miR.200c.3p,hsa.miR.151a.3p,hsa.miR.423.5p,hsa.miR.200a.5p,hsa.miR.378a.3p,hsa.miR.146a.5p,hsa.miR.141.3p,hsa.miR.25.3p,hsa.miR.200b.3p,hsa.miR.125b.5p,hsa.miR.22.3p,hsa.miR.183.5p,hsa.miR.27a.3p,hsa.miR.224.5p,hsa.miR.143.3p,hsa.miR.193a.5p,hsa.miR.30c.5p,hsa.miR.152.3p,hsa.miR.30a.3p,hsa.miR.423.3p,hsa.miR.27a.5p,hsa.miR.342.3p,hsa.miR.30b.5p,hsa.miR.24.3p,hsa.miR.186.5p,hsa.miR.1246,hsa.miR.744.5p,hsa.miR.222.3p,hsa.miR.320a,hsa.miR.101.3p,hsa.let.7c.5p,hsa.miR.335.3p,hsa.let.7e.5p,hsa.miR.511.5p,hsa.miR.30e.5p,hsa.miR.29c.5p,hsa.miR.375,hsa.miR.532.5p,hsa.miR.30e.3p,hsa.miR.27b.3p,hsa.miR.181a.5p,hsa.miR.191.5p,hsa.miR.182.5p,hsa.miR.92a.3p,hsa.miR.429,hsa.miR.26b.5p,hsa.miR.125a.5p,hsa.miR.181b.5p,hsa.miR.1307.3p,hsa.miR.148b.3p,hsa.miR.28.3p,hsa.miR.29a.3p,hsa.let.7d.5p,hsa.miR.361.3p,hsa.miR.23b.3p,hsa.miR.100.5p,hsa.miR.3615,hsa.let.7d.3p,hsa.miR.98.5p,hsa.miR.103a.3p,hsa.miR.499a.5p,hsa.miR.200b.5p,hsa.miR.7.5p,hsa.miR.146b.3p,hsa.miR.205.5p,hsa.miR.365a.3p.hsa.miR.365b.3p,hsa.miR.484,hsa.miR.148a.5p,hsa.miR.99b.3p,hsa.miR.193b.3p,hsa.miR.941,hsa.miR.10a.5p,hsa.miR.125b.2.3p,hsa.miR.128.3p,hsa.miR.22.5p,hsa.miR.374b.5p,hsa.miR.197.3p,hsa.miR.340.5p,hsa.miR.664a.5p,hsa.miR.140.3p,hsa.miR.3182,hsa.miR.16.5p,hsa.miR.1260b,hsa.miR.181a.2.3p,hsa.miR.885.5p,hsa.miR.652.3p,hsa.miR.345.5p,hsa.miR.196a.5p,hsa.miR.192.5p,hsa.miR.335.5p,hsa.miR.106b.3p,hsa.miR.425.5p,hsa.miR.193a.3p,hsa.miR.6510.3p,hsa.miR.664a.3p,hsa.miR.221.3p,hsa.miR.378d,hsa.miR.195.5p,hsa.miR.92b.3p,hsa.miR.361.5p,hsa.miR.339.5p,hsa.miR.421,hsa.miR.4443,hsa.miR.452.5p,hsa.mir.378c,hsa.miR.218.5p,hsa.miR.28.5p,hsa.miR.326,hsa.let.7b.3p,hsa.miR.20a.5p,hsa.miR.93.5p,hsa.miR.328.3p,hsa.miR.374a.5p,hsa.miR.148b.5p,hsa.miR.339.3p,hsa.miR.181a.3p,hsa.miR.1287.5p,hsa.miR.331.3p,hsa.miR.107,hsa.miR.320b,hsa.miR.30d.3p,hsa.miR.576.5p,hsa.miR.589.5p,hsa.miR.187.3p,hsa.miR.425.3p,hsa.miR.150.5p,hsa.miR.574.3p,hsa.miR.7706,hsa.miR.629.5p,hsa.miR.378c,hsa.miR.147b,hsa.miR.2110,hsa.miR.16.2.3p,hsa.miR.29b.3p,hsa.miR.574.5p,hsa.miR.210.3p,hsa.miR.30c.2.3p,hsa.miR.1301.3p,hsa.miR.1299,hsa.miR.29c.3p,hsa.let.7a.3p,hsa.miR.195.3p,hsa.miR.155.5p,hsa.miR.769.5p,hsa.miR.501.3p,hsa.miR.184,hsa.miR.760,hsa.miR.17.5p,hsa.miR.96.5p,hsa.miR.378g,hsa.miR.19b.3p,hsa.miR.130b.3p,hsa.miR.185.5p,hsa.miR.378e,hsa.miR.340.3p,hsa.miR.1307.5p,hsa.miR.221.5p,hsa.miR.190b,hsa.miR.193b.5p,hsa.miR.365b.5p,hsa.miR.194.5p,hsa.miR.196b.5p,hsa.miR.135a.5p,hsa.miR.106b.5p,hsa.miR.125a.3p,hsa.miR.203a.3p,hsa.miR.885.3p,hsa.miR.598.3p,hsa.miR.223.5p,hsa.miR.1303,hsa.miR.15b.5p,hsa.miR.320c,hsa.miR.199a.3p.hsa.miR.199b.3p,hsa.miR.378f,hsa.miR.320d,hsa.let.7f.1.3p,hsa.miR.324.3p,hsa.miR.342.5p,hsa.mir.30c.2,hsa.miR.24.2.5p,hsa.mir.30c.1,hsa.miR.223.3p,hsa.miR.330.3p,hsa.mir.320b.1,hsa.miR.500a.3p,hsa.mir.320b.2,hsa.mir.320a,hsa.miR.502.3p,hsa.miR.181d.5p,hsa.miR.660.5p,hsa.miR.4429,hsa.miR.511.3p
MOM.184,207959,24120,12788,9929,32504,20602,14,1314,750.5,8,15950,20796,20667,13622,3827,13501.5,7398,7250,6060,1023,1149,1914.33333333333,720,998,1015,7889,858,2420,886,1216.5,1088,48,904,1224,514,602,1008,110,95,736.166666666667,756,449,6,58,85,891.416666666667,1024,3900.5,626,166,1213,555,47,4375,153,546,1118.5,2059,1994,1991,1751,1059,881,827,667,643,640,593,527,506,484,325.5,307,260,258,250,242.5,217,206,197,195,194,187,176,173,171,168,161,158,153,147,146,129,129,122,110,105,103,97,95,93,84,75,74,74,72,68,68,64,58,54,53,53,50.8333333333333,49,46,42,40,39,39,39,36.8333333333333,36,36,34,34,34,33,33,33,32,31,30,29,28,27.5,27.4166666666667,27,27,26,26,25,25,24,23,23,22,22,22,22,21,20,20,20,20,20,19,19,19,19,18,17,16,16,16,15,13,13,13,13,12,12,12,12,11,11,11,11,11,11,11,10,10,10,10,9,9,9,8.41666666666667,8,8,7.08333333333333,7,7,7,6.16666666666667,6,5.66666666666667,5,5,4,4,2.33333333333333,2,2,2,1,1,1
MOM.048,146504,10515,2992,7326.5,10158,11539,1,644,795.5,12,4243.5,4453,2946,2787,2611,1509,3374,906,2063,1371,456,2630.5,671,840,424,1158,123,2211,454,636,306,87,443,731,312,170,251,230,30,2121.5,440,249,1,37,53,640,898,327,117,23,351,438,21,1793,62,169,431,582,824,738,527,661,302,61,295,229,860,157,734,87,88,131.5,281,40,69,95,77.5,489,68,57,106,56,106,86,224,148,214,15,351,116,23,263,52,108,72,30,202,201,66,28,30,91,32,80,32,67,51,39,26,109,5,12,82,92,6,21,9,9,15,17,20,140.5,46,1,33,41,31,38,26,19,25,30,4,22,6,41.5,24,22,13,11,58,31,0,56,4,24,27,6,6,5,32,40,11,7,2,16,61,68,4,4,4,10,5,2,9,12,14,30,14,35,23,0,6,2,9,22,0,0,4,7,44,12,11,9,33,10,16,9,9.95,27,15,10.7333333333333,8,18,3,18,5,20.5,2,0,1.65,9.5,0.983333333333333,0.783333333333333,4.5,3,15,0,22
MOM.135,308953,23346,5115,12665.5,11118,15821,6,433,1181,16,13277.5,3038,3697,4160,2027,2205,1110,2028,3446,928,976,2394.66666666667,359,831,693,2235,143,3147,1570,1019.5,200,112,182,801,429,537,532,40,128,4962,919,548,33,19,30,392.5,753,540,175,28,875,644,56,2824,104,353,476.5,948,1798,2918,1078,1000,545,222,321,97,1517,172,968,208,522,265,288,205,140,161,205.5,493,70,46,145,171,194,106,578,147,715,18,468,199,69,286,141,216,96,43,323,184,89,94,75,292,51,130,83,83,32,24,69,184,12,97,112,94.8333333333333,17,39,52,38,33,1,16,5.83333333333333,19,19,29,45,39,137,39,26,14,59,32,36,16,69.5,32.5,29,3,24,65,87,3,188,5,46,45,0,1,2,25,31,18,32,5,6,55,14,10,0,17,40,1,5,10,27,16,14,17,18,13.3333333333333,9,20,16,1,0,8,3,1,9,113,3,16,4,31,11,24,20,5.2,6,10,0.2,17,27,1,8,4,28,59,19,0.2,25.5,0.2,0.2,23.5,0,23,0,62
MOM.050,56677,11660,24476,2769,29657,6884,19,518,428.5,0,2578,36866,12054,14049,31588,39742,834,4716,3408,23486,686,8695.33333333333,12776,368,890,5924,68,4067,497,4203.5,1186,1040,1178,307,232,1007,1323,789,123,107.333333333333,2805,374,295,124,327,13559.1666666667,600,3849,29,981,471,142,16,2575,1181,946,1177,1925,596,523,499,236,489,53,674,311,132,708,458,878,709,71.5,138,49,107,223,299,140,171,144,306,1080,9,222,164,38,2,101,618,25,82,380,74,47,153,102,552,15,139,34,143,4,112,105,103,53,66,164,0,14,81,10,667,103,17,17,51,17,8,434,86,95.9166666666666,24,26,28,53,50,48,31,0,5,123,50,19,0,32,965.166666666667,0,0,15,0,90,19,36,27,1832,62,25,31,61,3,3,48,75,43,8,1,29,4,1049,48,159,38,16,30,0,78,60,55,138,31.0833333333333,12,0,5,12,135,65,0,27,8,0,90,74,19,0,164,32,6,352.4,15,31,130.933333333333,11,0,317,0.333333333333333,8,0.333333333333333,32,15,8.6,172.5,7.1,7.43333333333333,94.5,77,0,32,6
MOM.126,338601,34333,10380,14405,10374,42334,12,1106,1109.5,18,11838,8692,7173,6611,4402,6526.5,3341,3353,5269,1362,1037,2432.16666666667,855,1568,1309,3841,405,4012,1074,1356,1137,98,593,1345,304,1335,1041,205,108,3831.83333333333,899,441,35,39,76,1068.5,1361,1097.5,303,37,1701,653,33,4231,151,591,993,2329,2698,1932,1952,1774,687,523,714,134,1584,398,2419,415,630,351.5,417,255,242,212,180,440,101,76,140,325,292,239,565,181,735,47,828,144,113,437,219,183,128,106,516,57,109,22,112,186,91,171,22,139,90,81,49,176,32,50,103,50.0833333333333,32,55,57,40,20,1,62,86.5833333333333,36,6,12,80,79,218,54,32,21,63,12,42,17,71,77.5,76,21,22,79,38,1,260,24,38,17,25,16,14,83,20,42,17,5,423,138,37,22,15,10,31,13,7,15,16,22,16,10,24,11.5833333333333,2,14,21,6,23,0,3,5,35,46,10,26,11,45,20,8,28,15.15,21,10,6.9,12,18,17,1.83333333333333,3,5.33333333333333,13,9,2.15,15.5,1.9,1.9,19.5,9,8,6,5
MOM.075,226631,8765,2428,4547,11483,9691,29,968,950,16,9092,9956,5712,4092,1543,3632.5,2604,2457,3384,2860,610,1312.5,416,270,1289,2384,305,3306,1561,1009.5,1220,53,699,727,196,812,1184,13,54,866.833333333333,819,239,24,57,99,1731.25,285,1277.5,264,63,2886,338,51,5545,104,411,549.5,1022,1971,1428,1420,496,137,480,392,248,531,222,735,206,405,262,398,244,291,49,77.5,146,134,20,117,115,143,236,271,75,308,54,1254,86,192,332,92.5,102,14,144,188,57,78,5,116,106,41,109,11,69,46,70,57,26,20,17,47,34.5,12,101,11,10,20,13,35,14,0,0,19,27,7,8,9,12,29,39,16,27,0,18.5,91.25,0,15,49,124,31,0,110,33,32,7,4,0,32,17,2,0,15,3,13,37,8,21,6,25,32,0,1,9,0,19,4,8,1,14.5,1,12,9,0,8,0,0,0,5,21,53,23,10,15,43,23,14,24.6833333333333,13,4,7.61666666666667,9,0,22,0.333333333333333,0,1.83333333333333,22,0,2.53333333333333,0,2.53333333333333,1.6,0,0,0,1,0
MOM.190,183149,5072,2621,3527,14311,5814,21,863,252,59,14540,15024,3032,5805,1167,5859.5,1676,3252,4161,1244,688,1194.5,436,185,849,3223,465,1901,1189,463,276,36,702,555,330,529,980,66,35,211,363,134,13,79,341,941.75,249,2089.5,230,85,2714,211,17,5799,169,300,419,1198,1028,1101,1109,465,173,814,288,385,198,257,212,204,185,69,252,339,213,65,57.5,159,165,21,73,129,112,49,77,48,41,54,1227,36,254,136,31,114,38,29,49,69,16,8,50,68,17,27,148,76.5,22,51,18,18,6,15,93,33,16,49,8,0,0,19,3,41.5,37,7,4,16,18,7,35,4,13,28,13,13,0,9.5,32.75,23,7,4,46,30,31,48,25,40,1,6,23,5,5,0,25,0,42,5,0,9,38,70,2,25,20,12,0,18,10,4,0,9,7,31,0,40,0,12,14,9,0,3,9,0,11,9,1,29,8,0,15.45,1,3,1.45,4,0,24,0,8,0,6,0,0.2,8.5,0.2,0.2,22.5,1,7,0,0
MOM.110,372139,22042,10959,16418,22295,21316,20,2252,3323.5,24,14664,12161,12658,12913,8747,7846.5,3099,4115,8195,4162,1228,4865.5,1171,1033,2866,4867,474,5981,1255,3998.5,2007,1683,1047,1626,964,729,727,287,188,2657.66666666667,2266,425,82,71,86,2765.66666666667,838,1200.5,413,224,2890,737,20,4114,270,746,1338.5,1870,2706,1710,2208,1254,769,316,855,684,1959,664,1659,344,441,666.5,492,333,323,281,247,226,171,262,361,721,446,332,467,280,525,47,1683,218,218,722,118,415,185,173,576,463,162,61,82,331,151,313,34,264,127,290,72,194,0,55,99,102.5,54,82,124,64,34,70,74,76,21,23,69,208,62,118,85,49,34,61,39,36,2,77,141.666666666667,25,36,36,114,107,15,173,0,120,57,35,8,44,41,57,24,0,19,0,63,44,22,73,28,66,2,2,19,18,51,57,42,15,33.5,14,40,17,13,67,24,18,38,10,48,72,87,16,36,132,28,37,17.4666666666667,6,31,12.2,6,40,0,5.16666666666667,36,5.16666666666667,350,0,2.2,18,0.8,2.2,31,21,28,10,45
MOM.042,259782,5285,1725,3461,12822,8145,29,814,286,55,12006,8529,2348,6041,752,2583,1846,1796,3830,1258,789,1262,232,272,809,1964,291,2206,1063,604.5,342,61,724,904,286,496,1026,37,36,505,434,258,20,45,188,1079,454,986,178,32,3125,197,15,5120,92,380,401.5,966,1442,1246,951,661,186,499,294,286,408,207,243,98,151,61,200,366,130,74,49.5,369,121,15,86,77,52,121,183,59,139,21,1728,62,230,318,18,132,86,65,78,31,18,11,33,145,35,38,56,82,22,24,43,8,13,4,114,11.1666666666667,51,44,0,26,7,19,19,16.8666666666667,13,16,20,9,21,35,22,7,13,32,13,0,6,9.5,29,6,4,13,42,6,1,39,25,44,6,4,33,13,5,0,2,40,13,0,8,51,33,27,9,11,3,0,0,9,5,0,0,12,5.2,1,0,28,0,25,0,17,7,0,0,12,13,5,5,8,0,1,4,2,5,0,20,5,24,12,11,1,0,13,0,0,0,0,0,1,0,6,19
MOM.139,371611,48089,10849,21374.5,39845,32688,12,1855,2374.5,55,18560.5,12809,15156,11299,8518,6541,3495,3894,7768,1397,1428,5867.16666666666,1315,2392,1970,4447,755,4200,1188,2818,1624,381,1168,2313,626,605,845,111,147,4739.83333333333,1766,711,18,112,95,936.166666666667,2038,1264,593,114,1087,1272,44,4496,180,480,1394,2168,3971,2320,2086,2300,1234,409,939,945,2100,508,1072,353,310,506.5,289,291,328,255,213.5,884,156,265,420,486,371,165,376,363,479,161,1610,310,144,562,235.5,383,239,122,449,289,202,75,97,335,115,208,56,282,162,109,81,643,57,85,112,138.083333333333,49,111,38,58,44,19,85,200.583333333333,71,23,128,102,86,163,49,30,54,109,28,61,73,100.5,37.1666666666667,31,23,9,78,49,13,88,13,48,79,62,16,20,20,68,31,16,18,450,65,62,1,10,40,32,10,27,43,37,42,54,27,47,40.75,4,41,33,11,29,20,20,45,26,83,25,19,19,56,23,54,3,9.06666666666667,17,25,4.4,39,47,2,32.8333333333333,21,31.3333333333333,8,24,1.4,31.5,1.4,1.4,36.5,22,28,0,36
MOM.109,339205,16635,3566,9634,18951,17278,11,1153,1394.5,23,13260,8663,7760,7141,3472,3370,9170,2407,5722,1631,908,1864.83333333333,512,832,1664,2676,479,3668,1043,1435.5,1141,123,932,1203,268,769,1187,29,97,1639.5,1089,269,1,61,83,1111,554,1042,275,58,3618,574,15,3090,127,343,996.5,1407,1989,1484,1542,1098,292,508,716,630,1082,367,986,212,320,400.5,332,152,270,110,147.5,374,123,81,650,318,276,158,375,156,319,90,529,195,191,367,101,286,114,104,173,138,113,16,83,214,42,130,40,59,53,73,45,78,19,36,66,33.8333333333333,0,62,59,41,36,49,23,35.3333333333333,28,24,44,41,36,37,25,14,17,71,12,43,55,46.5,34,20,15,35,44,38,10,139,44,59,19,18,30,13,15,10,14,10,25,6,15,37,14,25,17,21,8,29,17,20,12,29,4,17,14.5,5,19,16,12,35,8,0,19,0,8,8,23,8,41,24,24,11,9.4,12,7,4.4,8,23,8,12.5,15,13,14,6,0.4,11.5,0.4,0.4,19.5,9,10,1,1
MOM.073,147694,4784,1347,2524,8876,5873,31,360,340,0,5786,4671,3171,3192,608,1695.5,684,1203,2250,1089,432,699.5,154,364,588,1290,107,1447,665,623,167,231,344,534,161,415,737,6,23,316,415,137,19,29,36,830.5,308,306.5,154,23,2026,228,21,1826,39,110,397,609,744,621,616,681,240,168,213,251,290,181,160,95,139,55,48,151,167,41,53.5,344,60,19,92,54,81,105,117,103,62,15,136,31,146,198,21,95,23,20,54,92,6,23,46,61,4,62,8,47,29,37,3,55,11,12,19,6.5,13,15,0,14,10,12,3,5,19,11,23,35,27,20,23,13,18,21,0,6,2,16.5,25.5,16,8,2,49,11,2,20,19,17,10,0,6,4,1,0,0,0,11,38,10,17,27,4,0,5,24,5,0,0,3,4,0,18,5,5,0,0,0,4,3,2,0,9,6,20,6,9,0,2,0,9,5.2,10,0,7.2,18,0,10,0,19,0,0,0,0.2,4,0.2,0.2,5.5,1,2,2,5
MOM.067,50715,6149,9958,4925.5,10525,13700,8,741,1058,0,2311.5,13045,7057,6445,32159,13853,1113,2644,2290,4738,604,3281.66666666667,14521,722,843,3404,130,5850,199,2585.5,681,272,1403,305,205,763,562,102,109,179,3564,307,184,133,183,5496.91666666667,686,2436,143,220,186,261,0,947,578,538,660.5,1573,520,339,796,304,604,66,653,92,574,334,681,578,478,56,336,23,343,67,196,236,86,46,86,435,24,52,46,96,61,63,190,52,101,370,102.5,35,246,73,919,3,96,11,120,33,101,92,10,86,254,103,43,0,47,21,389,58.5,13,5,82,40,21,192,68,91.5,107,17,0,36,52,36,15,23,9,35,20,5,11,81,702.916666666667,1,9,30,14,16,31,27,9,960,13,23,19,10,30,17,2,24,4,0,4,75,11,230,10,96,3,16,26.5,29,20,22,15,124,9,8,23,3,7,53,5,0,5,20,19,24,71,2,12,82,0,4,240.516666666667,21,10,87.1357142857143,37,3,140,0,16,0,36,1,9.38571428571429,142.5,24.052380952381,20.2190476190476,102.5,45,56,13,6
MOM.117,82287,28409,18135,10721,23454,15188,35,757,538.5,1,4298,27317,12895,16199,10969,25983,1788,4221,6191,8876,1677,2931,1423,696,1159,4513,149,4142,585,2588,1082,5071,916,824,167,932,585,248,105,494.5,1467,419,98,71,120,5758,1224,4084,335,641,571,299,24,3753,258,872,1459,2060,1053,665,1291,440,419,139,1090,232,387,491,1193,758,536,167.5,441,144,189,176,182.5,66,71,256,460,407,13,259,496,233,430,38,452,100,122,583,271.5,5,92,56,280,170,45,20,42,71,17,228,38,92,119,41,76,92,37,29,133,117.083333333333,0,37,56,45,13,492,39,126.083333333333,3,20,11,190,7,116,28,1,0,26,103,149,0,30.5,459,17,0,0,0,6,13,58,0,374,17,30,10,20,12,0,17,23,26,65,31,83,25,128,0,84,22,8,40,69,32,13,16,43,11.25,0,85,44,0,45,25,17,19,20,11,108,109,23,34,56,0,13,113.15,24,14,33.65,41,20,82,7,0,0.5,69,16,3.81666666666667,33.5,3.81666666666667,3.56666666666667,53.5,89,1,8,30
MOM.127,408467,23647,11217,13660.5,56849,38071,21,1776,1019.5,10,15627.5,26981,16291,13775,9771,11325,4115,5565,8522,2629,1324,2585.33333333333,2182,2434,1851,7558,1024,4486,1236,2459,2529,911,1557,1218,556,797,960,77,48,1099.5,1316,780,31,94,185,1949.08333333333,2371,3206,798,113,2350,789,53,4943,241,613,1723,2345,2463,1178,1911,1895,739,603,997,866,1325,504,923,507,561,391.5,946,146,302,301,171.5,816,206,127,210,361,286,54,339,154,178,61,366,142,286,394,164,155,149,110,179,385,67,43,139,287,81,132,28,221.5,160,100,55,119,43,95,132,75.4166666666666,5,54,53,20,55,110,48,31.5833333333333,57,20,78,79,34,66,42,52,17,57,12,35,26,52.5,92.0833333333333,13,39,30,122,27,41,64,16,77,25,11,31,26,47,25,21,21,35,7,45,28,0,65,26,40,42,15,5,41,14,37,1,3,17.4166666666667,17,30,40,30,27,18,20,26,32,43,52,37,43,36,34,21,0,16.0833333333333,10,11,7.75,29,39,18,0.5,16,0,6,22,0,7,0,0,19,15,9,3,10
MOM.051,122818,4428,1558,2767.5,7727,5848,4,487,403,20,6306.5,6688,2766,3252,771,2150.5,1027,1155,2400,698,399,877,202,291,373,1237,224,1536,432,334.5,422,150,463,413,134,310,466,18,31,330.166666666667,342,136,20,7,51,454.916666666667,257,688.5,68,32,1283,111,18,2834,50,249,300.5,793,769,488,567,339,108,152,257,174,292,125,261,120,131,94,78,85,85,59,40,210,35,24,91,41,86,39,135,55,89,44,1123,69,108,117,23,39,17,40,47,42,16,14,56,53,4,24,12,29,26,34,20,5,4,7,20,17.25,1,26,17,4,1,17,12,21.25,12,9,8,17,13,7,17,0,12,26,0,9,4,17,24.9166666666667,0,0,9,36,0,4,23,11,32,3,3,2,0,2,0,18,11,12,8,3,2,0,8,4,20,0,0,3,1,3,0,1,7,3.25,8,0,11,10,9,1,1,4,3,0,3,9,1,7,7,6,17,7.31666666666667,0,5,2.65,10,2,4,3.66666666666667,0,4.16666666666667,0,6,0.566666666666667,1,0.566666666666667,0.566666666666667,1,7,0,1,0
MOM.006,185962,19391,14637,11169,39638,18112,5,1110,951.5,9,12924,9630,8956,7278,3043,8725.5,1205,6286,3503,482,838,737.166666666667,672,1126,1055,6559,447,1794,908,981.5,265,162,449,594,570,304,425,163,82,711.166666666667,401,508,15,29,69,228.583333333333,1139,1906.5,294,201,761,442,36,5658,100,193,685.5,1210,1530,1262,1154,1082,1202,420,417,546,1040,234,431,320,391,208.5,378,119,184,476,209,757,92,105,310,112,165,76,180,151,97,81,58,94,56,212,212,103,187,74,145,373,139,94,101,51,149,68,55,55.5,59,93,31,32,4,21,51,18.1666666666667,21,30,29,28,22,7,30,7.66666666666667,49,22,24,12,30,46,12,67,17,25,29,19,12,72,4.58333333333333,9,7,8,19,23,18,47,27,36,13,18,9,6,24,20,13,15,13,2,7,51,18,42,7,18,2,1,17,29,4,24,7,27,4,10,5,33,8,7,3,14,15,24,39,9,32,17,25,45,4,14,0.583333333333333,35,3,0.25,23,12,10,0.666666666666667,3,2.16666666666667,61,5,0,10,0,0,6,10,7,1,21
MOM.088,253353,14279,8750,10066.5,18574,18107,8,861,887.5,9,7361.5,13507,5763,7053,3335,9676.5,1771,3135,3299,3614,817,1624.5,997,679,1100,3174,86,3348,568,1000.5,706,386,478,539,311,912,499,29,34,2243.66666666667,676,457,12,18,53,2668.33333333333,775,2370.5,202,197,1041,502,4,4281,70,345,516.5,1342,977,879,661,586,433,90,495,138,709,272,942,383,408,236.5,304,43,115,145,125.5,476,88,34,187,200,93,142,351,168,421,27,384,139,43,386,154,24,100,98,212,67,87,16,90,45,61,84,13,136,63,64,36,19,0,19,92,36.5,9,14,68,6,1,113,57,43.5,39,17,22,96,15,63,18,24,4,18,13,28,20,30.5,142.333333333333,5,5,22,32,26,0,76,2,199,21,15,0,14,20,17,2,9,11,234,17,40,4,6,25,40,18,0,5,11,16,0,10,7,8,7,19,17,4,33,0,20,0,39,16,4,34,0,12,17,13,11,49.8833333333333,20,4,11.2166666666667,13,15,9,1.66666666666667,0,1.66666666666667,28,0,1.46666666666667,13,2.05,2.05,12,5,12,6,28
MOM.178,130098,3980,2888,4265.5,19651,8401,140,1798,1430,1,13586.5,22357,5716,6140,8768,7298,3003,3936,4722,9155,918,2852.5,2379,396,1643,3527,594,3910,392,1942,1682,338,2683,782,138,595,1573,345,161,408.666666666667,1040,268,296,176,297,5567.16666666667,253,2626,492,378,1925,164,18,8944,393,387,755,1788,1158,307,3050,382,54,935,756,297,399,581,684,303,622,287,352,292,341,127,51.5,113,302,43,202,516,206,104,103,178,159,308,769,138,675,375,0,285,0,241,309,160,1,1,179,247,42,58,21,87.5,62,128,69,0,157,0,296,35.25,0,157,105,41,0,209,0,20.75,3,0,0,92,0,26,44,1,0,180,33,0,17,10.5,309.166666666667,1,0,57,48,0,221,100,80,167,10,0,37,1,0,41,32,0,0,0,0,56,0,389,0,0,1,24,0,0,20,0,0,0,15.25,0,0,47,0,153,43,0,0,0,28,34,31,0,0,1,0,0,113,0,14,107.333333333333,26,0,101,0.666666666666667,49,0.666666666666667,319,34,0,0,0.333333333333333,12,0,43,0,7,0
MOM.083,46443,847,1021,557.5,8079,3573,40,495,107.5,4,3236.5,4286,800,2250,894,1848.5,481,1691,1405,2288,332,497.333333333333,74,158,234,2199,72,1617,400,364.5,137,566,221,229,101,175,404,9,5,37,244,92,32,21,50,1084.41666666667,110,337.5,43,20,1340,28,1,2784,35,129,258.5,544,271,250,219,312,87,275,194,103,70,94,72,107,69,35.5,254,70,62,54,17,143,103,18,42,21,9,64,75,28,30,5,348,24,203,167,6,16,21,0,40,0,0,0,44,64,10,36,13,33.5,0,20,9,5,4,1,0,8.33333333333333,0,15,4,0,0,36,0,1.33333333333333,2,11,0,14,7,6,15,0,3,17,7,0,0,0,59.4166666666667,3,0,21,36,12,1,1,11,35,3,0,7,20,0,0,0,0,9,0,3,10,6,4,0,23,0,12,7,23,4,0,0,8,4,0,10,0,0,11,5,12,16,0,2,11,7,13,0,0,1,0,21.8166666666667,0,0,5.15,0,0,24,0,4,0,0,6,0.4,9,0.4,0.4,9,0,0,0,0
MOM.095,74117,17541,12243,6532.5,15191,9670,24,540,850.5,13,3773.5,14029,8243,11065,10026,15042.5,2911,3276,3107,6473,725,3648.33333333333,741,565,680,2568,23,4300,409,1759,930,1050,455,507,156,560,640,98,89,781.333333333333,1603,330,29,16,69,7306.91666666667,1037,2398.5,137,333,558,298,8,2748,209,406,1154,1278,741,740,798,367,364,54,674,174,447,408,1483,536,290,223.5,59,13,135,72,133.5,102,11,40,266,247,12,154,304,73,279,19,389,30,68,278,155.5,1,115,69,420,50,65,0,33,13,32,173,20,58,21,39,83,33,74,7,135,68.8333333333333,25,30,31,13,3,320,90,98.3333333333333,57,0,0,54,44,21,26,27,15,52,1,17,0,34.5,447.916666666667,29,0,19,30,32,19,37,5,310,36,63,11,10,27,0,4,15,0,0,105,155,13,89,5,54,12,10,38,22,15,27,37,9,13.5,0,13,14,7,80,0,0,21,17,17,70,65,84,0,37,0,0,119.45,0,12,100.783333333333,4,16,35,13.3333333333333,27,0.333333333333333,142,16,9.53333333333333,11.5,10.2,10.2,14.5,20,29,14,16
MOM.130,58673,1069,575,805,4728,2156,27,276,101.5,16,1551,2731,770,1350,1345,1078,2115,570,769,1446,173,531.333333333333,134,136,273,690,89,1199,195,293,239,85,286,172,34,154,494,32,17,45,269,85,0,6,46,993.25,88,266,77,3,1017,63,0,1314,49,65,273,350,232,190,334,195,22,75,92,127,85,106,125,27,82,55.5,78,141,33,15,21,20,15,8,28,85,10,36,115,14,69,11,145,20,107,120,0,16,16,33,19,32,0,0,1,18,9,28,0,31,20,0,14,22,4,0,15,14.8333333333333,0,14,1,9,8,35,0,13.8333333333333,0,0,0,15,0,0,14,0,3,20,2,11,0,5,42.25,0,5,0,17,0,0,12,15,50,4,5,5,10,0,0,0,6,0,16,0,14,0,22,0,1,0,3,3,4,0,0,0,5,5,0,4,4,0,0,5,0,8,3,0,0,17,0,3,8,0,0,14.3333333333333,0,3,4.33333333333333,4,0,6,2,9,0,6,5,0.25,0,0,0.583333333333333,0,1,0,4,7
MOM.092,299650,23949,5961,8857,19921,19064,16,1259,1823,14,12702,18085,11667,11049,3838,5721.5,7098,2787,6134,1872,1080,3060.5,623,1150,1145,3114,318,3576,1097,2614,858,681,1107,1224,486,445,1130,85,154,2016.16666666667,1508,376,6,55,211,968.5,1154,1092.5,562,24,2022,586,47,4172,182,235,1477,1481,2263,2057,1476,1361,556,312,639,924,1052,398,767,287,227,492,261,165,281,155,125,404,146,151,172,232,189,182,455,288,350,46,1086,164,102,526,108.5,190,179,121,234,317,43,47,69,187,81,161,113,142,99,50,30,344,21,30,216,70.3333333333333,23,39,31,4,89,60,34,112.166666666667,22,9,66,22,13,62,74,23,48,61,27,42,6,31,39.5,23,12,18,38,83,26,78,33,70,23,35,24,40,37,12,13,23,8,41,53,42,15,24,31,41,10,19,17,9,20,33,20,28,17.3333333333333,13,29,61,11,34,23,0,25,10,47,32,22,12,43,19,26,3,13.0666666666667,15,18,4.46666666666667,20,13,13,12.6666666666667,10,18.1666666666667,3,15,1.46666666666667,10.5,0.8,0.4,6.5,11,12,2,29
MOM.136,160650,11680,3313,5404,12744,11184,5,658,870,11,7220,5573,6808,5694,1862,2667.5,6310,2170,2977,850,640,1622.33333333333,411,684,791,2352,291,1982,576,1199.5,549,680,388,834,161,261,475,131,48,1337.5,910,276,6,31,38,635.666666666667,597,688.5,163,33,1189,369,29,2009,100,179,645.5,821,1320,1039,939,979,403,206,407,366,610,234,429,171,254,217,209,143,118,127,91.5,208,74,84,124,149,73,78,172,117,212,26,76,82,50,269,79,86,98,34,174,110,56,15,50,88,67,73,59,83,46,63,37,175,1,23,66,44.3333333333333,13,35,17,30,25,62,13,39.8333333333333,51,10,74,39,25,32,21,11,18,37,21,22,10,24.5,29.6666666666667,16,18,18,56,28,2,37,9,63,11,16,2,19,20,13,23,7,6,0,19,23,7,15,8,21,7,7,25,13,12,20,1,35,9,1,11,8,3,3,7,8,9,4,15,10,16,2,14,63,2,8,5.86666666666667,5,11,7.36666666666667,15,10,24,1.5,14,0,237,21,0.366666666666667,7,0.7,0.866666666666667,10,2,8,1,5
MOM.013,75511,2998,1232,1674.5,6248,4337,4,364,142.5,0,5301.5,5262,1455,2172,578,1543,2924,1318,1650,897,490,651.333333333333,102,277,412,1303,239,1007,382,334,207,187,253,419,41,205,375,46,25,246.333333333333,188,168,1,15,28,741.916666666667,216,529,111,18,963,118,21,1928,24,110,239,488,726,578,566,394,115,272,290,166,175,97,84,72,60,65.5,125,63,61,25,48.5,143,49,27,17,49,53,55,68,34,69,32,415,42,64,91,16,40,35,19,21,95,14,0,23,43,11,47,27,47,14,18,13,22,13,1,8,24.5833333333333,0,12,4,9,13,6,2,12.0833333333333,8,3,2,15,10,8,30,14,2,3,9,6,2,14.5,11.9166666666667,7,20,4,16,6,0,31,31,12,6,5,5,15,10,4,0,4,0,65,6,31,9,12,6,3,10,2,0,8,8,7,3,10,5.25,2,9,6,5,4,3,3,6,0,2,3,2,1,2,2,0,0,1.41666666666667,6,0,1.75,3,3,21,1.33333333333333,1,1.33333333333333,3,11,0,5,0,0,0,3,0,2,9
MOM.055,119548,3490,1166,2158,8543,4985,22,404,494,9,3563,3870,1795,3278,1030,1292.5,3678,1090,1972,1341,346,946,297,254,574,1150,169,1818,485,634.5,290,435,331,562,192,420,540,8,31,361.5,437,142,0,39,64,1040,262,569.5,136,16,1656,160,0,1751,75,145,479.5,650,774,497,485,424,83,183,291,191,305,147,260,74,90,129,137,120,106,35,38,120,71,15,50,96,45,55,155,61,85,8,210,55,104,184,8.5,44,34,33,87,89,12,8,46,49,44,83,12,41,12,30,18,23,17,6,53,42,4,41,1,13,11,20,6,16,5,3,5,27,2,19,16,6,7,8,4,35,8,15,23,12,7,9,15,18,0,57,17,25,10,1,6,0,0,2,16,0,4,34,0,13,10,15,10,12,0,4,5,11,6,4,1,6,9,0,5,16,5,26,16,9,5,0,3,18,5,2,7,36,20,2,7.1,0,0,12.3857142857143,6,0,25,0.5,2,0,26,0,0.885714285714286,3.5,0.885714285714286,0.885714285714286,3.5,3,1,1,8
MOM.045,179405,19275,6300,8328,21823,19520,13,968,869,6,12949,19865,10014,6932,2272,7198,6844,3795,4550,1148,898,1443,625,827,891,4489,501,2734,865,943.5,719,147,745,882,515,541,688,29,60,1105.5,614,318,2,65,148,822.583333333333,769,2232,337,85,1873,550,38,4643,133,364,572.5,1569,1380,1269,985,936.5,390,368,703,534,686,279,662,247,265,233,307,108,152,248,132,363,111,95,140,91,220,86,189,109,195,51,135,96,122,323,98,102,120,89,141,95,94,55,41,48,84,80,103,67.5,62,83,41,24,9,26,132,64.8333333333333,10,16,16,26,31,79,33,30.8333333333333,38,12,32,51,6,48,28,31,6,56,22,28,17,29,42.5833333333333,45,5,9,94,20,3,57,44,27,13,12,3,7,12,30,16,16,15,31,25,31,9,41,4,34,15,8,26,19,4,7,5,24,8,5,21,25,12,8,23,4,0,10,9,10,8,1,16,6,20,17,14.883333333333301,27,7,3.55,14,23,25,6.5,19,3,7,5,2.8,12.5,2.8,2.8,6.5,0,12,3,9
MOM.039,248726,14082,3635,7960.5,16437,16220,13,1123,1111.5,0,10577.5,8709,9914,7263,2410,3517,3805,2465,4269,1746,619,2188.66666666667,655,784,1215,3175,281,3725,926,1238,1051,828,917,930,411,540,869,66,84,1582.83333333333,917,326,0,62,224,1422.58333333333,516,521,194,36,2970,465,47,4389,141,183,726,1306,1670,1112,1368,938,291,257,508,477,695,312,794,160,212,287.5,314,196,231,150,90,238,177,30,134,134,201,241,420,127,223,40,109,71,139,373,54,186,33,78,173,139,42,43,69,192,41,130,19,112,57,42,43,58,11,13,234,61.1666666666667,0,72,40,19,21,50,56,83.1666666666667,64,7,45,81,20,79,17,6,14,39,5,41,2,20,76.5833333333333,18,25,39,54,39,15,92,15,51,11,23,35,17,40,15,0,0,8,25,18,27,3,10,17,51,6,7,20,36,21,29,11,28,16,0,17,14,7,5,19,5,22,13,16,28,16,7,35,48,18,3,10.5833333333333,24,11,18.25,21,5,4,4.83333333333333,22,4.33333333333333,70,15,0,14,0,0,16,0,17,4,17
MOM.189,65515,1385,920,1034,8290,2775,67,745,14,42,5256,11885,1213,2184,138,3283.5,2803,2956,2003,3044,211,509.833333333333,89,180,349,1744,114,1532,699,169,167,206,433,117,72,324,1366,0,15,29,178,83,18,55,58,1524.5,50,741.5,117,72,1182,107,0,3397,31,81,171,593,291,413,925,188,16,876,213,246,81,102,145,145,31,8,95,257,395,36,51.5,79,100,10,61,45,25,19,77,42,48,0,667,2,129,46,10,58,0,39,2,32,9,0,14,63,8,39,12,39,29,10,0,0,19,16,48,6.33333333333333,0,15,0,0,0,60,0,4.83333333333333,2,11,0,40,0,0,86,0,0,19,0,0,0,0.5,98.5,5,0,0,14,8,0,20,18,0,3,1,0,40,23,0,15,0,0,197,0,9,0,37,0,10,32,10,0,0,3,0,2,0,5,0,8,0,0,45,52,9,8,0,1,13,0,23,0,0,0,0,32.2,11,4,6.2,0,0,38,0,15,0,0,0,0.2,0,0.2,0.2,4,0,0,3,0
MOM.186,171803,18325,6004,8749.5,28540,17705,13,961,1124,1,9318.5,10019,9350,6313,3754,4158,5812,2697,4255,1104,728,1568,777,945,731,3887,382,2202,683,1288.5,763,146,687,932,414,411,460,87,36,1530,742,359,0,31,38,733.416666666667,760,1343,286,79,1108,448,36,2875,90,303,663.5,1003,1753,1338,830,1098,585,311,477,503,883,201,654,231,217,270,413,121,182,148,119.5,153,150,118,185,229,139,71,171,136,138,30,276,147,113,251,131.5,90,86,61,144,85,63,34,42,81,61,71,58,89.5,104,83,25,113,0,14,11,36.3333333333333,35,13,51,18,30,34,55,28.3333333333333,18,8,29,44,20,32,24,21,21,38,36,23,18,33.5,17.4166666666667,5,27,13,64,26,33,45,12,34,18,25,16,29,21,18,7,11,4,7,28,20,16,27,24,14,3,9,4,23,5,24,0,32,10.3333333333333,7,2,2,3,3,4,7,29,8,42,6,23,9,31,33,20,5,8.91666666666667,20,8,5.25,11,10,13,5.5,11,22.5,2,12,0,16,0,0,14,12,9,3,12
MOM.071,252137,25188,5390,11336.5,19701,22695,5,710,837.5,9,13619.5,4088,6363,4994,3554,2169,7030,2978,3800,409,773,2184.16666666667,1408,1628,1034,3534,368,1578,640,1102.5,559,22,411,1211,411,507,630,26,114,1596,724,361,0,36,36,166,1866,649,490,16,363,514,38,2956,68,254,1301.5,1386,1752,1315,1092,1158,679,411,403,246,1265,235,771,118,295,267.5,105,81,210,88,142,432,117,85,122,207,203,87,242,82,282,39,1487,98,70,161,184.5,154,103,64,208,71,111,23,44,153,50,80,20,100.5,102,43,45,119,52,32,61,82.5,24,35,26,40,31,4,63,25.1,48,22,31,49,35,38,38,40,37,38,30,24,26,29,2,22,23,19,25,18,2,54,10,1,34,15,8,8,24,19,18,7,11,223,58,66,10,8,20,8,33,0,9,22,5,37,8,12,21.1,0,17,13,29,0,5,8,4,7,47,6,10,4,38,11,0,5,2.4,19,6,0.4,17,7,2,10.5,2,10.5,0,2,0.4,9.5,0.4,0.4,9.5,5,3,1,6
MOM.168,166300,10253,7754,7207,28473,10098,5,1081,488,21,15836,16735,8695,8617,1955,10677.5,7227,6483,5039,886,1113,1744.16666666667,266,476,922,6564,908,1320,875,666.5,521,787,705,1232,442,556,449,36,69,746.333333333333,429,272,1,32,110,589.5,343,3673.5,297,107,1925,321,42,3194,96,277,559.5,1289,1723,1315,1217,648,336,728,432,727,516,370,260,331,311,238,397,149,187,232,160.5,296,179,66,187,198,163,55,121,93,81,7,995,92,128,147,64,160,51,62,31,123,61,23,88,100,99,62,68,69.5,27,61,80,24,38,109,110,25.5,18,40,25,16,20,2,22,15.6666666666667,20,10,14,39,19,29,45,15,21,29,4,9,29,2.5,24.5,17,21,7,22,6,0,41,19,27,15,0,13,46,11,19,23,26,20,42,1,9,0,13,19,12,20,0,9,27,11,20,2,33,10.3333333333333,6,5,15,6,11,26,3,25,14,11,21,17,16,11,42,18,4,13.65,4,5,3.65,2,10,9,6.33333333333333,19,7.33333333333333,29,0,0.65,2.5,0.65,0.4,2.5,26,5,0,0
MOM.131,330497,29152,12410,16495,24276,32449,11,1173,2453,4,7454,16737,13265,16737,14655,12148,10975,4806,5179,5739,1251,3592.83333333333,2487,2204,1268,5327,255,5710,951,2946.5,1550,664,874,1658,549,1304,594,58,117,4095.5,2254,877,13,29,138,5041.75,1876,2811,235,204,991,844,73,7655,355,477,2578.5,2228,2365,1405,1547,1583,1085,195,841,196,1603,399,3401,488,604,738,217,121,135,184,194.5,442,98,233,212,872,221,329,530,204,882,39,1879,228,14,675,230.5,32,154,48,349,153,201,13,160,285,168,182,40,233,170,102,106,134,10,40,235,76.1666666666667,79,49,55,43,25,151,155,115.666666666667,11,22,0,96,50,140,53,91,56,57,53,56,20,58.5,200.75,23,9,8,40,96,14,118,2,142,37,45,11,19,43,64,22,0,4,3,110,84,18,39,41,40,19,20,7,85,13,66,33,6,24,26,35,21,15,75,6,30,12,38,44,48,59,1,36,53,24,35,72.55,76,15,35.55,27,29,19,18.5,10,25,127,18,9.8,27,8.8,1.8,28,27,75,11,45
MOM.056,38766,917,317,571,2603,1712,16,119,98.5,3,1084,1644,617,1085,224,403.5,1030,384,670,903,187,307.166666666667,66,89,180,415,65,704,125,224.5,123,98,153,117,38,76,182,9,9,86,120,30,0,5,20,602.083333333333,102,136.5,20,11,817,41,4,762,18,36,118.5,181,219,102,163,116,36,34,105,82,90,46,117,26,52,20.5,47,81,31,10,15,56,15,2,22,17,14,27,50,21,17,0,32,14,40,91,12,16,11,6,22,30,2,0,19,4,9,11,3,12,6,3,2,12,5,2,25,9.66666666666667,0,7,1,7,2,12,0,10.5666666666667,0,3,3,12,1,0,5,0,3,6,2,9,0,2,29.0833333333333,3,4,4,7,5,0,9,9,5,5,5,11,4,2,3,0,3,5,2,15,0,0,10,0,3,4,7,0,0,4,0,0,1,3.4,1,8,0,0,3,0,0,1,0,4,6,4,3,8,0,2,0,8.11666666666667,1,2,1.28333333333333,1,1,2,0,0,0,0,3,1.03333333333333,0.5,0.2,0.7,1.5,0,0,0,1
MOM.147,202800,6608,9780,5576.5,33990,17337,19,1415,394.5,18,15823.5,19551,5051,10538,3557,14349,11728,8978,6886,3297,1449,1316.5,388,692,1584,8375,521,2477,1067,1374.5,426,1243,753,880,358,771,573,93,49,594,707,468,8,71,139,3668.08333333333,660,3331,289,53,4701,403,41,7284,153,692,704.5,1771,1651,1416,1059,794,395,403,616,345,449,371,309,565,574,183.5,564,277,138,138,190,343,199,105,111,111,64,92,246,95,70,108,553,114,258,359,52,59,63,69,185,33,32,5,223,157,39,61,32,72,56,44,70,6,28,39,65,36.5,23,42,14,24,13,121,30,16,9,22,0,39,7,36,0,32,16,21,58,30,22,29,145.083333333333,79,25,11,49,21,15,93,29,16,9,10,31,30,44,0,15,34,10,26,14,39,47,116,25,32,15,16,38.5,49,4,5,5,23,7,28,3,36,11,52,44,0,19,18,12,19,38,20,18,160,22,0,29.7833333333333,38,4,33.45,0,19,27,6,0,1,263,14,3.2,6.5,1.45,2.95,8.5,8,5,9,13
MOM.179,80509,9137,4066,5247.5,13313,8191,1,412,307.5,1,7286.5,6138,6119,3756,1527,3387,3160,2302,2030,276,355,749,251,405,457,2441,443,577,245,355,483,37,244,424,149,206,234,10,29,632.166666666667,278,195,0,9,37,167.083333333333,486,1154,172,39,237,240,20,785,53,149,467,588,817,519,405,323,331,250,198,156,416,115,223,153,202,116.5,105,40,83,150,105,167,77,46,69,78,98,25,88,37,62,7,91,41,18,64,89.5,54,47,44,40,36,47,9,11,59,44,24,13,26,29,30,18,27,1,27,18,17.25,12,16,11,7,8,5,30,21.25,11,4,14,10,8,17,12,16,5,13,3,10,10,24,11.0833333333333,13,5,3,5,10,6,17,11,11,4,2,2,16,13,13,7,7,2,325,7,8,1,4,4,12,8,0,2,7,5,14,2,7,7.25,1,1,8,1,10,5,4,5,0,8,3,10,3,9,6,6,1,3.08333333333333,0,6,1.75,9,2,8,1.16666666666667,3,0.666666666666667,5,0,0,4,0,0,3,15,0,0,0
MOM.153,112473,4513,1741,2627,9193,6240,13,575,504.5,17,4318,6558,2542,4414,1668,2124,3449,1013,2295,2417,473,1436.16666666667,284,312,605,1109,149,2478,558,745.5,362,846,435,367,181,331,527,11,0,599.833333333333,531,134,0,46,34,1879.66666666667,368,330,283,14,1105,159,15,1470,115,231,486.5,815,931,542,476,416,153,122,378,150,315,149,393,86,84,152.5,115,169,88,39,14.5,113,37,13,68,141,93,54,205,90,201,7,723,36,70,245,20.5,55,32,24,80,95,12,3,60,100,14,44,105,114.5,40,24,35,48,17,0,36,37.5,3,29,33,12,24,93,6,43.1666666666667,0,10,35,48,9,33,11,21,12,41,15,61,0,5.5,90.6666666666667,34,2,8,11,34,9,27,20,55,23,0,6,6,24,14,11,0,7,161,15,14,0,5,4,18,0,9,10,8,11,3,0,6,3.33333333333333,0,26,18,5,11,6,0,0,0,2,34,2,0,16,7,6,0,28.8666666666667,0,5,16.2,17,0,0,10.8333333333333,5,1.33333333333333,5,7,0.2,13,0.2,0.2,20,5,0,4,6
MOM.089,20970,1907,7978,1494.5,10305,2275,39,1042,84,26,4622.5,24217,3121,5076,6876,22753,4981,4449,2689,10114,265,1007.33333333333,2121,17,407,3548,251,2630,308,531.5,703,200,1156,397,145,289,556,83,119,23,714,132,594,80,410,7948.41666666667,108,3471,78,736,99,91,12,1733,250,209,504.5,778,529,259,595,55,44,555,365,262,44,338,109,549,407,30,96,99,245,41,72,22,122,95,36,299,0,41,68,43,0,16,391,9,331,132,17.5,27,53,101,58,0,0,0,115,0,28,16,3,45,21,57,25,0,48,1,134,2.33333333333333,0,4,12,0,0,139,28,2.33333333333333,0,0,0,0,4,13,21,0,0,31,40,0,8,11,1169.41666666667,0,0,0,22,0,41,15,12,472,5,0,40,39,0,0,0,35,0,47,7,17,20,264,0,149,0,27,10,0,4,0,9,48,2,0,1,18,0,260,4,0,7,8,1,59,47,0,0,10,18,0,412.033333333333,0,5,295.4,0,0,257,0,0,0,0,0,36.2333333333333,32,14.5666666666667,18.7,13.5,17,1,21,0
MOM.060,61271,1460,579,1045.5,4997,2382,16,349,172,3,3062.5,3735,908,1641,261,1078.5,2110,973,1201,1237,219,505,81,99,317,914,116,1039,318,157,189,162,350,318,58,188,382,5,25,165.5,196,52,3,8,18,778.666666666667,79,323.5,71,36,1252,85,7,1747,39,87,187,387,415,347,282,112,50,117,198,169,75,116,100,83,81,69,29,90,92,24,21,91,59,4,20,27,29,39,66,20,61,18,334,37,69,103,10,35,9,25,44,38,4,8,36,50,3,38,40,28,0,23,8,19,0,9,19,18,7,22,0,0,4,34,0,3,2,0,2,22,0,5,7,0,6,11,0,5,0,4,35.6666666666667,0,5,0,31,15,1,46,11,23,6,0,20,16,1,0,0,0,6,48,0,7,0,10,3,6,7,0,4,0,8,0,0,2,5,0,3,0,0,10,0,3,0,6,0,9,6,1,6,15,0,8,9.66666666666667,8,3,3,0,3,0,0.5,0,0,0,0,1,3,0,1,7,4,2,0,0
MOM.104,347422,27007,12041,14215.5,24544,34935,3,1054,4591,32,22441.5,14775,16686,12657,11667,8950,10665,5345,5298,940,1148,2309.5,1781,1924,2944,6829,569,3561,749,5446.5,433,4499,823,1348,591,415,658,800,201,1176.5,2251,812,47,112,206,553.25,3326,2561,273,76,1686,1527,46,6180,434,530,1465.5,2335,2163,1237,1695,1671,2545,427,709,697,1886,523,1295,441,523,567,408,210,313,324,288,816,90,179,135,252,226,152,327,167,237,245,1241,135,256,351,194,539,569,103,2188,82,303,24,130,80,182,172,21,282,57,193,103,214,12,56,360,56,43,48,117,14,54,7,24,58.5,42,54,43,42,91,257,78,64,34,36,35,21,25,60,14.25,42,72,43,29,95,158,104,21,141,14,26,20,82,61,39,40,18,20,130,68,77,10,434,68,38,19,8,46,23,7,129,3,102,14,16,3,39,29,20,19,25,10,19,61,23,12,18,28,1991,19,37,6.35,271,5,2.35,55,10,11,1.5,25,0,6333,24,0.6,32,1.6,0.6,27,20,40,0,20
MOM.111,22675,3718,7130,2000,12128,3787,41,482,178,0,2621,19144,3682,5585,8380,17850,5235,3187,2766,16610,485,1807.33333333333,2934,151,553,3570,197,4808,323,1118,521,326,1605,391,45,355,755,61,34,51,1474,82,140,45,100,12456.5833333333,235,2534,172,658,310,144,0,2337,478,248,632,1282,251,197,706,149,106,86,486,222,78,406,205,307,293,50,184,74,135,75,152.5,60,176,66,240,567,0,143,53,0,0,62,1912,95,169,209,13,23,19,82,127,15,0,0,78,0,13,52,19,16,46,91,28,0,64,38,212,20.3333333333333,0,6,32,0,0,601,32,28.3333333333333,0,0,15,0,19,0,60,0,27,55,7,1,34,12.5,1710.58333333333,22,0,0,19,0,39,33,0,630,5,0,20,41,0,14,0,31,0,1,8,0,34,301,0,59,0,0,0,0,13,0,0,0,14,0,14,7,13,180,0,14,0,0,0,115,51,0,0,56,13,2,535.666666666667,0,10,243.566666666667,30,0,138,0,12,0,0,0,29.9833333333333,50,58.5333333333333,28.75,38,17,0,37,18
MOM.069,555322,28123,9074,15167.5,26874,27418,35,1552,1370,21,25490.5,26149,13765,16253,4295,9269,12989,6527,8439,1516,1798,2141.33333333333,653,1856,1578,6908,800,4533,2021,2196,571,244,1289,1831,675,908,1435,71,85,1662.33333333333,1573,638,26,80,231,1128.83333333333,1860,3129,679,105,5063,945,129,7845,175,538,2233,3115,2577,2809,1847,2216,786,690,981,577,1569,509,1079,464,585,410,551,495,314,233,203.5,762,167,97,153,200,304,188,545,144,293,36,532,160,325,440,136,248,210,123,280,222,105,32,175,231,95,182,260,252,104,89,95,98,26,40,160,74.6666666666667,61,54,43,42,35,37,49,70.6666666666667,19,31,46,42,24,67,46,55,9,81,46,32,33,36.5,32.8333333333333,21,11,30,104,61,0,95,37,46,24,15,19,49,20,14,40,16,10,0,19,71,33,32,30,22,12,0,22,29,14,35,14,13,2.33333333333333,14,5,35,44,19,37,3,14,23,42,31,22,29,28,6,27,21,6.83333333333333,49,17,2.5,30,42,22,1.33333333333333,19,28.3333333333333,9,28,0,9.5,0,0,10,10,13,2,35
MOM.094,252285,30718,10910,12889.5,41702,24799,5,1246,810,16,21125.5,13291,14653,10607,4922,8455.5,8488,6709,5664,820,1544,1570,542,1375,1274,7745,602,2562,1425,1386.5,753,212,772,1393,643,348,803,139,139,1499.83333333333,784,730,0,59,61,301.666666666667,1220,2407.5,479,102,1133,764,51,4703,186,351,1365.5,1750,2674,2833,1437,1655.5,991,607,611,873,1242,260,464,411,397,291,568,265,247,385,327.5,877,187,96,174,145,266,95,256,198,170,38,271,140,143,271,208,147,165,81,161,110,116,53,110,76,106,105,35,97.5,91,86,68,109,32,48,63,46.5,39,29,41,34,53,2,57,40.5,74,43,29,31,52,90,26,35,34,59,17,24,35,49.5,7.66666666666667,13,13,18,55,19,7,84,31,13,21,9,19,26,9,28,43,9,13,53,27,67,9,45,30,28,5,4,31.5,40,2,36,4,27,13,11,8,28,20,6,8,9,10,10,14,19,26,5,33,10,8,14,3.36666666666667,14,0,2.7,16,27,2,1.33333333333333,12,1.83333333333333,8,9,0.2,12,0.7,0.7,10,14,6,3,17
MOM.101,234452,25061,8515,11519,8891,14897,2,282,1032,4,2464,6712,5213,3538,4911,4786,3028,680,1595,1129,243,2296.5,1080,938,413,651,79,2078,689,997,480,226,145,708,403,395,258,68,44,2015.66666666667,650,206,6,10,28,836.083333333333,1968,547,78,56,244,735,24,2038,111,130,812,645.5,707,639,662,771,382,39,357,57,932,163,1702,142,152,305,145,32,58,75,86,388,21,69,95,163,72,82,304,83,355,3,290,96,5,196,81.5,49,106,26,309,233,103,16,56,96,43,62,68,80,61,5,41,159,5,26,86,44.6666666666667,15,33,43,9,38,3,58,37.1666666666667,45,9,3,39,49,149,21,31,52,15,14,35,3,50,43.0833333333333,21,1,7,32,32,8,79,3,43,38,26,5,0,44,54,18,12,0,0,117,87,0,21,25,14,20,0,10,27,9,37,25,24,12,2,11,14,14,22,1,14,0,12,26,6,10,7,15,23,12,16,6.43333333333333,42,12,6.1,19,3,0,9.66666666666667,10,6.66666666666667,114,7,0.6,14,0.85,0.85,19.5,0,15,0,70
MOM.105,313441,18911,4934,11239.5,15923,15467,3,1027,871,5,15340.5,9191,7866,8128,2903,3841.5,8082,2998,4819,1338,1018,2142.16666666667,737,909,1118,4094,536,2626,1039,1241,388,345,618,1308,585,550,670,14,95,2202,1016,442,7,46,154,842.75,1144,1092.5,352,53,2237,632,64,2940,100,397,1186,1795,1820,1751,793,1179,526,447,571,535,1272,233,735,224,348,228,763,146,211,176,130,570,109,70,86,181,205,99,217,140,342,37,668,141,131,379,93.5,220,184,74,111,132,95,24,64,169,48,123,89,64,40,69,56,141,11,25,168,76.6666666666667,31,50,23,22,39,8,20,3.16666666666667,45,21,28,52,26,55,37,24,19,65,13,30,8,31,30.75,34,19,31,60,29,0,54,13,47,14,8,4,15,25,23,35,15,18,17,36,32,15,14,20,2,22,3,5,34,17,22,4,15,18,7,13,21,18,5,7,4,1,8,7,9,14,16,23,15,1,11,6,32,11,2,38,12,14,2,14,4,23,9,0,9,0.25,0.25,8,17,7,4,34
MOM.096,25797,3181,6726,1742,17675,3857,10,315,139.5,15,865,21616,5554,6905,15700,15080,3206,2141,2148,8954,341,2093.33333333333,6911,214,276,3800,64,2441,319,1141,417,425,907,351,96,444,522,93,55,60,1026,341,184,46,215,8372.33333333333,242,2146,95,433,156,82,0,1370,267,352,563,1226,337,411,238,117,274,41,555,174,102,430,160,224,467,17.5,217,39,32,111,74.5,38,63,46,87,858,0,61,75,97,19,34,1294,44,47,135,69,0,23,60,159,21,41,0,62,7,56,28,24,24,76,35,36,0,0,0,234,31.6666666666667,8,0,7,0,19,710,41,36.6666666666667,11,7,2,31,32,58,8,5,7,33,21,16,0,11.5,873.333333333333,1,0,2,7,22,19,6,1,715,16,12,32,18,0,5,1,23,5,316,4,3,12,160,35,60,6,42,27,13,10,11,7,59,10,6,12,0,0,132,0,12,11,20,14,112,207,5,16,69,11,17,346.683333333333,0,6,120.409523809524,1,0,193,0,21,0,0,10,22.6595238095238,16.5,22.6595238095238,20.1595238095238,8.5,27,31,38,0
MOM.142,164436,7579,4375,5001.5,13254,13396,6,611,352,17,10396.5,14149,7094,5588,2669,6386.5,8129,2567,3224,1326,725,999.333333333333,365,486,807,3272,478,1602,821,1182,708,403,536,568,188,434,523,57,43,574.333333333333,543,266,10,36,46,1170.16666666667,638,2085.5,169,45,2688,232,11,3260,81,246,859,1245,980,851,711,661,237,364,496,283,308,232,390,266,239,131,338,136,186,110,72.5,309,113,48,97,119,50,61,146,101,109,6,501,46,126,147,22,38,44,57,105,28,43,5,82,84,12,43,12,72,47,24,22,41,13,19,47,15.8333333333333,14,30,11,15,24,16,15,35.3333333333333,19,6,11,46,19,12,25,16,10,30,13,16,3,32.5,40.1666666666667,22,14,0,44,21,21,32,11,5,4,6,24,24,18,6,17,5,2,0,23,16,17,20,3,23,16,5,4,7,9,13,4,5,2,7,3,2,2,20,7,0,4,0,0,14,18,7,24,31,9,7,10.8333333333333,20,3,4.16666666666667,3,4,22,3.33333333333333,1,2.33333333333333,0,4,0.333333333333333,11,1.33333333333333,0,0,4,2,3,18
MOM.025,150751,2389,1439,3147.5,6368,5148,32,824,303,12,10632.5,13255,2039,5333,960,2917,6861,1802,3484,4132,715,1653.33333333333,373,177,960,1766,280,2269,814,717,589,271,865,719,50,502,711,31,12,516,527,154,0,20,53,3423.58333333333,255,1012,104,31,3052,233,26,4455,116,264,342,1206,1054,401,1169,313.5,123,269,508,176,222,296,363,65,216,121,271,141,141,42,34.5,54,109,11,72,189,36,55,227,49,125,12,598,92,188,182,15,137,19,27,115,89,0,0,91,130,16,106,27,80,22,9,24,22,37,14,6,31.3333333333333,0,30,10,9,0,63,17,41.3333333333333,0,0,0,43,2,1,41,18,0,4,32,20,10,16.5,143.583333333333,0,0,12,34,16,0,94,37,39,8,0,37,70,39,0,0,14,13,8,24,26,34,16,18,17,6,0,4,0,2,9,0,0,3,4,0,0,0,0,12,13,0,0,0,0,10,0,9,31,10,0,24.7833333333333,0,5,4.78333333333333,26,12,30,0,0,0,9,30,0.2,0,0.2,0.2,0,0,0,9,0
MOM.036,292777,33878,9531,15279,19042,15175,15,1739,2531,1,14065,11044,12766,7846,2169,6182.5,5138,3249,4864,1583,705,3004.33333333333,520,1079,1073,2819,461,2714,1850,1445.5,1211,1384,1031,2660,452,291,1140,37,301,3439.5,947,396,4,47,131,943.666666666667,1435,1221.5,270,63,676,558,61,1932,115,319,1093.5,959,2282,2517,2653,1052,587,398,517,667,1653,594,957,192,323,480,404,446,491,181,136,523,216,88,287,227,378,160,371,261,535,33,1400,183,86,369,232,722,85,81,436,1379,67,58,137,418,89,156,77,156.5,57,81,40,373,26,59,158,67.4166666666667,14,116,36,63,67,13,43,68.2166666666667,58,19,116,151,87,34,60,45,12,44,34,14,10,65,46.6666666666667,32,22,26,107,71,4,96,0,47,19,7,14,12,23,52,9,5,28,328,54,85,13,17,41,36,25,7,56.5,25,15,60,9,49,10.05,0,19,36,13,16,6,15,4,13,29,32,34,37,64,6,19,2,10.6666666666667,30,5,6.4,37,39,4,23,1,22.5,50,27,0.2,3,2.4,2.4,12,0,16,3,24
MOM.146,65944,1340,1713,905,8278,3332,17,573,50.5,8,4305,5968,957,2784,485,3120,3099,2124,1610,1861,379,385.333333333333,114,133,371,2224,141,1213,493,242.5,100,194,207,430,85,245,430,4,16,54.3333333333333,169,124,1,12,19,1310,148,961,71,68,1644,100,0,3051,47,135,334.5,391,435,318,305,296,73,228,124,152,62,50,144,70,134,17.5,142,134,50,35,16,68,83,24,37,59,24,45,99,38,35,12,459,27,150,115,0,25,8,15,41,30,9,0,74,2,13,48,24,55,25,29,6,1,6,18,6,12.6666666666667,1,25,0,9,2,21,23,9.66666666666667,0,7,0,3,39,7,3,2,0,26,0,0,14,1,45,6,2,0,15,10,0,11,14,21,2,4,1,23,6,1,0,7,1,2,0,5,8,8,0,0,19,0,3.5,21,1,0,4,7,2,8,28,0,0,0,0,3,0,11,6,4,17,8,0,8,0,0,10.75,0,3,15.75,16,0,17,0.333333333333333,0,0.333333333333333,0,7,1.25,4,1.25,0,4,0,0,5,0
MOM.123,248907,4734,4218,3322,22345,13300,21,1012,262,5,7117,14612,3491,3966,2561,6647.5,7151,2578,3506,5396,685,1937,331,558,1468,3736,149,3793,1246,1232.5,793,1072,1059,614,207,628,860,8,43,409,568,282,0,53,49,3152.91666666667,389,1585.5,199,226,3464,341,5,4857,72,311,462.5,948,903,775,433,951,146,264,432,286,543,247,302,298,162,23,226,175,167,106,48,397,141,48,99,172,109,86,281,109,93,23,411,112,233,383,32,67,90,65,73,26,1,2,150,113,24,148,52,173.5,25,37,26,68,6,11,42,24.8333333333333,5,29,20,17,18,144,14,24.3333333333333,10,21,0,72,16,11,24,0,0,33,29,99,0,12,168.916666666667,24,0,26,85,32,17,22,31,40,9,3,31,44,29,8,4,14,4,91,6,37,7,16,2,37,2,8,15,26,8,10,0,12,8,10,27,0,0,122,28,12,7,9,0,17,27,12,17,0,2,0,41.75,0,9,7.08333333333333,19,0,41,19,13,19,12,18,0,1.5,1.33333333333333,0,1.5,9,2,5,0
MOM.176,70555,2960,7597,3985.5,15645,7126,28,1607,998,0,10932.5,27411,6211,14116,14129,17885.5,9689,7375,5816,3993,578,1702.66666666667,1751,255,1804,5397,685,2320,568,1558.5,417,488,991,1158,192,1150,714,404,99,231,855,325,48,56,335,3442.25,433,4800.5,217,312,544,190,29,3994,395,742,1297.5,1915,1335,561,2243,194,187,868,429,312,190,605,469,531,694,447,283,133,259,97,138,133,213,9,127,1046,49,56,47,38,35,50,4111,68,501,109,24,68,83,167,191,83,39,23,119,19,37,89,26,155,27,149,31,6,53,23,150,9.66666666666667,4,52,9,9,0,57,9,11.0666666666667,58,42,0,45,19,37,30,9,15,48,0,0,0,23,358.25,2,0,8,25,4,64,92,31,64,3,11,21,35,47,10,42,54,11,218,0,4,33,228,14,69,65,0,0,12,16,9,0,36,7.4,22,33,0,0,8,5,14,12,11,8,29,147,0,8,45,0,0,134.25,0,9,48.7833333333333,8,0,86,0,38,0,25,21,17.5,31,20.7,18.0333333333333,15,9,8,12,0
MOM.166,13304,4808,4784,4247,9029,2673,0,111,943.5,5,1235,781,6911,1806,29006,860.5,457,541,550,426,51,1413.5,4609,272,191,553,23,633,31,681.5,34,224,114,197,127,30,56,1754,63,262.166666666667,670,205,18,27,50,198.833333333333,1451,101.5,22,9,6,378,19,299,159,108,429.5,143,325,146,245,79,629,30,69,79,584,109,491,46,50,104.5,33,7,59,251,106,26,25,171,218,83,11,17,22,21,13,79,144,14,6,47,106,130,400,12,636,33,204,4,9,1,76,4,0,28.5,106,22,29,5,1,11,123,21,4,7,24,13,4,0,22,12.5,120,7,19,8,33,69,8,50,4,11,23,3,6,16,17.8333333333333,4,5,14,1,15,99,20,0,238,15,18,1,3,20,110,29,13,7,3,77,12,0,203,16,10,1,0,31,5,10,82,20,111,5,3,5,14,16,11,5,6,1,4,57,0,9,0,11,63,3,3,12.9833333333333,23,8,7.15,17,5,0,2.16666666666667,2,0.666666666666667,211,0,1.9,42.5,2.15,2.15,30,1,51,0,3
MOM.159,96125,4211,2109,1602,6276,7703,18,377,202.5,18,4330,5492,2384,2506,973,3428,4635,1520,1778,1770,371,857.666666666667,198,305,594,2042,183,1544,530,392,264,93,303,326,95,518,486,11,41,568.833333333333,292,182,0,9,52,1182.58333333333,205,788,83,30,1594,120,7,2199,29,216,257,820,793,505,522,438,144,160,262,103,273,118,252,121,187,79.5,157,82,53,29,19,116,38,19,62,54,39,37,136,51,122,3,355,63,62,156,22,15,26,17,65,18,9,2,57,40,16,35,4,50,16,31,17,3,13,28,36,31.6666666666667,8,18,4,0,4,37,2,39.8666666666667,1,3,0,13,12,22,15,5,6,15,15,10,0,3,60.5833333333333,23,17,2,9,7,0,76,4,13,12,0,6,17,3,0,7,6,0,5,14,16,39,10,2,22,1,0,0,12,4,3,4,2,5.2,6,17,7,7,11,0,9,2,12,4,14,2,5,4,13,13,0,14.0833333333333,7,6,3,22,0,8,0.333333333333333,5,2.83333333333333,0,0,0,2.5,0.25,0.25,4.5,0,0,1,1
MOM.129,323563,8743,4697,7413.5,26376,12586,29,1067,1073.5,12,9005.5,13665,7891,7778,5793,5402,8651,3417,5984,4877,965,1976.16666666667,711,876,1856,3348,209,3107,993,2085,806,1249,886,956,335,941,756,56,50,908,1036,483,12,70,95,4316.25,813,1186,493,44,3335,387,19,3308,141,449,1031,1863,1590,872,1082,913.5,378,304,595,417,835,378,734,251,567,300.5,223,290,96,71,68.5,452,186,85,106,398,136,97,262,139,168,62,634,139,149,419,81.5,55,118,59,155,87,20,9,122,83,20,178,99,83,62,79,74,34,61,13,150,45.1666666666667,25,91,19,42,40,71,41,2.66666666666667,6,38,37,93,28,93,39,14,43,42,18,11,45,11.5,145.25,34,10,14,58,67,6,100,25,55,15,19,21,43,4,16,6,3,42,19,6,6,8,23,21,22,39,7,10,62,5,24,0,11,15,28,29,41,23,63,4,10,0,10,2,13,37,0,25,46,5,5,21.05,7,9,27.05,22,10,41,0,14,1,51,9,3.8,10,3.8,3.8,13.5,1,34,6,44
MOM.080,448907,55895,11949,27338.5,69554,42868,3,1730,2132,45,28760.5,13235,21568,15585,10135,5811.5,13799,6479,8001,1352,1752,4924.66666666667,1622,3449,1933,7190,887,4630,1472,2285.5,1471,362,919,2385,922,534,971,80,233,6748.83333333333,1747,979,6,86,257,839.833333333333,3761,1754.5,619,43,1928,1336,120,5344,268,433,2361.5,2171,3808,3193,1944,2791,1940,731,1018,991,3176,501,1761,360,503,654,960,231,311,530,317,782,205,309,401,490,334,170,521,297,498,85,83,264,118,708,318.5,388,325,123,402,239,221,68,164,350,210,179,234,227,189,126,154,772,31,163,277,127.666666666667,47,103,75,36,110,48,67,197.666666666667,138,47,135,125,123,182,93,90,63,30,37,64,40,83,31.8333333333333,53,39,61,160,59,83,105,26,51,58,55,6,50,62,59,36,23,12,1,77,94,23,26,29,40,23,0,42.5,49,28,121,24,58,33,27,49,75,24,21,18,14,14,35,112,21,46,12,112,32,17,41,10.2666666666667,41,17,8.33333333333333,39,35,15,48.8333333333333,6,48.3333333333333,26,16,0.6,20.5,2.33333333333333,0.6,21,7,33,0,93
MOM.140,61823,10242,21066,3226,40449,8030,0,273,230.5,20,3567,10743,19289,12337,68501,24559.5,3782,3731,2155,3213,621,3842.5,21157,522,848,4935,43,12343,215,3300.5,318,1941,2465,186,383,795,627,681,45,80,3770,491,271,125,322,7144.41666666667,1238,2631.5,13,183,119,292,0,921,640,1100,583.5,1580,726,544,364,241,1159,47,521,162,681,536,480,512,511,21.5,2378,26,30,231,1153,153,55,284,382,441,0,85,66,100,0,138,309,52,17,365,20.5,12,526,86,1410,8,179,32,64,1,218,18,0,83,232,191,43,0,15,4,741,35.3333333333333,9,2,6,3,19,44,150,24.8333333333333,55,67,0,10,110,124,12,18,32,33,31,31,0,24,1174.41666666667,2,0,0,0,108,8,71,1,1137,36,61,35,25,28,40,65,43,22,0,10,37,0,1398,18,127,0,18,113,8,15,40,8,544,22,1,11,48,4,105,27,57,15,0,8,20,107,0,12,537,0,35,322.566666666667,34,14,146.916666666667,23,0,88,0,17,0,248,28,3.275,167.5,22.0416666666667,23.7083333333333,91.5,41,31,17,0
MOM.149,227226,16086,11084,10417,36318,18434,22,661,660,0,10630,14197,6718,12279,3425,11679,9026,5706,6097,3799,1385,2738.83333333333,952,1189,917,6648,262,3478,1038,1280,551,395,471,1184,311,1287,709,69,55,2497.33333333333,980,730,10,45,39,3105.75,827,2838,145,76,2422,561,50,4124,174,702,1259,1938,2028,1488,1079,1436,616,138,612,216,660,338,865,480,708,280,99,266,171,195,190,683,113,55,203,139,114,177,539,82,418,59,716,157,42,487,125.5,54,181,97,173,131,77,16,118,181,43,185,124,142,80,68,123,19,39,53,123,59.8333333333333,11,53,41,36,10,116,13,56.3333333333333,11,15,11,35,27,78,15,56,13,58,13,64,6,31,95.75,60,8,26,49,82,5,194,11,72,22,0,21,18,12,18,38,15,5,0,38,72,34,19,12,34,8,9,26,66,10,37,21,25,15,40,26,23,8,38,7,22,2,20,44,34,38,42,30,14,13,7,46.55,16,14,27.7166666666667,30,2,21,1.33333333333333,10,1.33333333333333,40,2,1.96666666666667,8,1.96666666666667,1.96666666666667,10,0,19,11,12
MOM.057,182299,7735,5521,5198,10866,7903,7,408,965,0,3378,6474,4958,5694,5088,4820,4103,1585,2385,1019,492,1206.66666666667,404,485,1024,1856,105,1507,590,1355,529,606,199,484,241,539,473,143,35,959.333333333333,694,201,31,47,70,1001.66666666667,711,811,185,63,634,359,7,893,149,210,631,919,570,479,649,465,380,106,369,117,633,201,573,219,349,178,207,91,66,141,69.5,350,29,25,66,167,98,109,149,66,254,22,155,64,46,226,26,50,103,39,225,150,52,9,51,96,16,58,44,44,67,53,42,12,27,24,122,36.4166666666667,41,47,34,9,14,37,33,17.4166666666667,16,10,0,16,9,63,27,22,18,12,21,27,10,11.5,67.6666666666667,10,8,24,10,15,4,49,0,74,12,17,4,3,2,22,9,1,5,174,23,29,10,73,11,28,5,0,9,16,10,9,5,21,8.75,8,11,17,1,4,0,2,1,5,22,10,16,0,13,243,1,18,17.5,36,5,4.43333333333333,2,12,2,0.333333333333333,1,8.33333333333333,1295,1,1.6,27,1.93333333333333,1.6,17,4,17,1,15
MOM.180,64197,6754,9513,5381,35215,6738,15,892,5468.5,18,9106,18866,26465,11322,63671,14128,5392,4184,3870,5754,498,5971.16666666667,33501,465,2133,4709,194,5711,408,5318,343,536,1448,518,369,890,897,1325,128,161,4678,796,178,365,473,5550.66666666667,1144,2413,94,133,422,692,26,2225,1850,948,1352,2216,1215,833,1172,254,596,236,627,688,1619,1104,655,578,1359,409.5,380,46,246,158,231.5,180,61,124,271,952,1,51,71,89,60,168,600,45,198,368,130,41,586,126,1855,60,268,0,127,8,197,89,30,226,217,421,97,6,13,32,1119,105.416666666667,5,36,133,106,41,100,22,126.916666666667,403,37,37,16,104,120,89,11,0,106,69,22,34,16.5,614.666666666667,12,0,73,9,88,137,85,44,1120,23,60,40,82,0,55,97,52,83,978,6,34,26,608,87,143,0,35,46.5,20,65,33,28,693,26.25,29,0,78,0,29,13,25,16,0,11,23,176,0,16,484,43,25,198.883333333333,12,17,93.75,21,18,288,1,26,1,168,24,16.7166666666667,177,6.75,16.6666666666667,94,77,51,14,4
MOM.188,215149,37365,19271,20592.5,39228,35199,3,1478,1304,11,28209.5,18858,26704,13964,7148,12662.5,8866,8186,5961,1308,1288,806.833333333333,438,1898,1317,8743,1242,3071,901,1470,1154,255,1007,1520,1038,576,465,261,114,3401.83333333333,1031,649,2,59,98,685.083333333333,2218,2924.5,389,129,1209,789,79,7176,157,387,1570,1999,2435,2107,1642,1460,1583,715,739,709,1539,362,1216,590,559,416,743,141,254,449,396,480,191,217,257,260,341,90,271,161,211,35,1040,156,69,231,297,191,145,161,193,197,227,125,129,142,127,70,171,90,115,97,84,111,4,136,154,49.8333333333333,51,43,60,44,61,18,129,1.33333333333333,49,16,45,24,76,70,39,45,56,33,16,39,72,66,35.0833333333333,44,19,15,98,41,11,67,13,28,13,35,6,34,68,35,40,4,22,21,65,35,29,37,23,28,23,12,23,35,5,53,21,48,2,11,17,33,25,4,2,22,44,17,66,23,47,17,40,55,4,2,10.9333333333333,14,3,8.6,10,23,15,4.33333333333333,21,38.8333333333333,12,5,1.35,24,1.1,0.85,27,9,20,0,13
MOM.098,219714,12565,3637,8915,15524,17982,8,1156,915,5,10404,10492,7127,9242,3368,4196,11441,2589,4720,2784,645,1748.33333333333,1035,751,1291,3452,651,3218,707,1265,1273,448,1218,1069,441,637,825,80,40,1709.33333333333,1183,291,13,38,94,2872.75,704,901,288,23,2014,437,43,4392,164,265,622,2662,1843,932,1043,765,275,346,962,452,725,360,1196,246,383,273,189,186,231,68,92.5,216,185,68,142,228,136,148,176,142,275,49,483,135,81,311,89,176,58,100,177,87,49,3,115,225,25,57,21,148,130,101,44,92,46,46,111,34.3333333333333,13,31,22,31,21,48,31,41.8333333333333,30,4,22,79,41,74,51,10,30,34,28,30,27,32.5,110.75,5,5,8,51,28,57,140,17,88,16,9,11,31,44,31,3,7,7,27,33,27,1,33,13,46,18,14,21.5,12,11,33,11,18,20.5,8,16,4,22,45,15,0,13,0,10,29,16,13,48,65,8,21,26.95,8,10,10.95,0,39,28,3.33333333333333,35,17.3333333333333,200,0,2.2,2,2.2,2.2,22.5,33,15,10,2
MOM.108,273588,20838,4657,14581,20042,17279,1,733,1148,8,11280,4667,8592,5890,5256,1854.5,6565,1841,3936,758,684,1329,752,1361,796,2152,367,2257,826,1013.5,341,205,420,1287,650,342,369,74,107,3567,849,474,0,24,31,346.5,1979,522.5,171,26,702,672,39,3645,104,243,930.5,1042,1778,1626,938,1081,660,266,435,290,1519,302,1260,118,273,312,187,169,131,112,161,571,97,84,110,179,176,97,282,112,283,25,988,102,26,256,113.5,240,128,78,284,108,77,24,60,116,41,91,84,97.5,86,58,28,357,11,44,60,39.1666666666667,36,53,47,24,42,2,24,59.9666666666667,31,9,55,70,46,51,11,40,36,38,18,28,15,63,15.5,12,38,23,55,44,17,92,8,27,18,31,5,14,47,34,13,11,5,6,73,49,14,8,13,18,8,7,15,18,9,56,10,25,3.8,12,21,5,8,14,6,5,7,12,96,4,20,1,23,34,1,6,6.48333333333333,29,2,4.0547619047619,20,11,2,31.5,3,3.5,85,8,1.97142857142857,15,2.22142857142857,2.55476190476191,15,7,22,4,18
MOM.079,98826,5421,8137,5310,16617,12377,11,791,1331.5,2,5636,11246,8421,13835,24598,9569,6510,4314,3426,2026,559,1623.33333333333,2742,890,762,4468,249,1946,275,2538,289,1211,625,940,265,1046,336,325,125,570.833333333333,1048,355,47,93,144,2385.66666666667,1241,2187,95,100,424,311,6,2279,273,780,1414,1749,859,542,808,472,691,261,365,128,539,426,815,425,427,355.5,193,45,96,123,136,262,89,58,182,717,34,46,83,36,40,16,1757,53,159,148,75,62,138,49,505,69,55,10,81,23,48,40,53,151,86,67,47,15,18,14,155,32.0833333333333,40,16,20,38,0,3,7,20.0833333333333,51,27,0,22,58,73,16,44,16,22,19,14,12,17,168.666666666667,17,0,5,19,37,103,54,23,134,7,7,27,31,55,0,16,58,3,229,18,53,24,143,23,14,28,1,5,28,9,26,23,64,13.25,32,16,16,4,21,0,8,1,29,10,20,78,17,13,55,7,8,48.4666666666667,4,8,19,5,4,45,2.83333333333333,25,1.33333333333333,91,6,5.5,38,5.5,1,18,25,30,7,3
MOM.132,48355,1783,764,1198,4218,2491,19,350,167.5,12,3289,4634,1050,1595,595,1485,2146,728,1305,1230,158,328.5,91,132,308,498,111,1480,295,382,326,223,406,280,44,161,435,54,4,162,282,86,1,1,26,910.75,93,353,91,15,1135,86,6,1853,55,33,186,500,524,292,441,221,23,127,228,160,116,88,126,60,31,54.5,23,51,69,17,18.5,70,29,28,6,52,22,48,40,35,50,4,222,13,129,70,3,26,6,22,52,88,5,6,31,73,0,34,31,37,7,10,13,7,15,15,34,12.5,0,26,7,15,4,77,9,12,0,2,4,9,0,14,13,0,3,4,0,10,17,6.5,29.75,0,1,10,39,19,0,19,5,21,1,0,4,11,0,20,0,0,0,1,0,4,16,0,9,5,8,10,0,0,1,10,13,13,0,0,4,0,0,20,3,0,0,8,0,4,7,0,3,3,0,0,10.65,5,1,6.65,20,7,13,0,0,0,13,10,4.4,1,4.4,4.4,1,0,0,4,0
MOM.137,223065,14173,3879,7128.5,25712,13671,19,1057,1005.5,26,10442.5,10264,8679,4869,2512,4235,7330,2336,4487,1612,757,2265.66666666667,615,715,1200,1982,373,2544,660,1244.5,1031,500,890,1081,248,563,887,126,75,1222.5,811,338,1,59,147,1329.41666666667,610,987,295,35,1705,421,11,3919,181,326,664.5,1686,1609,893,1199,625,247,319,530,325,718,391,795,206,326,265.5,215,320,202,139,82.5,191,108,48,177,327,183,182,222,115,359,58,425,118,159,278,84,113,87,114,201,160,85,9,74,71,31,86,16,101.5,89,101,56,84,43,44,42,48.6666666666667,0,30,14,34,5,16,71,44.6666666666667,15,18,29,68,20,63,13,12,30,30,38,24,11,23.5,43.4166666666667,18,45,5,20,30,16,122,33,26,17,23,24,17,19,28,1,10,16,8,18,27,32,39,0,25,6,12,0,13,8,11,17,11,12,10,10,4,20,35,14,0,0,1,14,11,23,10,31,36,13,6,15.1166666666667,16,13,1.45,16,4,43,21,21,0.5,9,4,1.2,10.5,1.2,1.2,22,26,3,1,10
MOM.134,213162,8538,7835,6193,30916,19755,33,991,306,20,11576,13013,3527,7870,2287,10930,5784,5827,5831,2610,1387,1608.66666666667,547,706,1218,6986,174,2566,1265,1218.5,289,417,537,743,355,967,804,28,41,1012.16666666667,550,599,3,23,116,2086.91666666667,600,1824,189,195,3747,480,47,4729,56,632,933.5,1463,1587,1378,795,1155,402,289,343,360,652,230,420,311,651,182,200,238,114,137,99.5,625,114,91,122,113,59,112,302,136,168,37,822,60,93,275,68,26,76,27,44,67,48,2,182,76,50,84,143,51,36,84,70,15,26,11,133,40.5,27,45,16,15,19,32,12,12.5,17,29,10,30,18,100,13,18,16,30,29,36,0,30.5,45.9166666666667,24,0,11,99,9,0,112,9,24,22,0,17,25,15,12,6,26,0,111,1,18,13,28,33,24,1,5,13,21,5,15,4,13,11.8333333333333,20,16,13,4,25,8,0,8,35,14,25,42,0,4,8,39,0,10.6166666666667,15,4,25.0928571428571,13,11,25,0.666666666666667,3,11.1666666666667,8,16,2.34285714285714,7.5,2.34285714285714,2.34285714285714,2.5,0,8,2,18
MOM.065,399805,43049,9581,21512.5,37816,30334,8,1585,1278,6,30441.5,15307,14888,10159,3150,6463,11590,5736,7234,1914,1544,4915,774,1217,1807,6010,785,4238,1967,1174,806,318,806,1999,435,905,1083,121,156,4060.5,1044,391,6,57,281,1165.16666666667,1068,1365,349,122,2649,812,66,6748,138,450,1135,1939,3433,3844,2420,1584,854,570,745,1017,1686,509,941,384,354,431,300,391,267,236,167.5,560,169,168,305,188,288,185,429,185,426,74,362,237,95,414,239,510,154,105,315,188,130,124,144,298,136,170,50,152.5,116,130,103,315,15,137,204,138.5,60,61,68,64,26,5,28,65.5,99,5,81,89,67,117,27,35,15,63,46,44,53,44.5,61.1666666666667,41,42,57,138,33,32,145,34,48,64,25,1,84,22,32,14,14,32,128,54,44,21,35,48,23,9,14,20,49,19,41,20,45,24,0,0,49,41,11,31,16,2,8,79,6,14,21,18,55,9,24,23.8666666666667,32,27,4.2,30,13,41,40.5,8,1,37,26,0.2,15,1.7,1.7,10,1,20,4,68
MOM.059,180893,8883,5569,5785,22355,13135,24,657,982.5,10,8818,7545,5081,6306,3481,4017.5,5221,4332,3744,1223,653,1094,894,784,840,3632,278,2090,772,1042,507,978,472,807,257,792,562,87,40,679,553,342,19,42,113,1398.66666666667,791,811.5,204,66,2244,318,50,4431,138,376,770,1179,1054,941,1160,859,306,175,446,245,580,248,660,171,317,338.5,201,154,119,155,131,237,122,70,136,221,89,82,130,65,118,25,503,103,140,313,97,66,129,83,228,68,46,11,66,48,47,66,42,78,29,82,47,31,13,28,38,42,9,21,34,33,8,19,20,68,4,7,31,39,23,39,55,29,12,27,12,16,23,17,43.6666666666667,21,2,17,32,19,22,93,13,51,21,14,15,19,16,7,7,2,5,14,11,54,0,27,11,24,5,6,9,23,7,10,0,10,3,15,2,9,4,8,6,4,14,1,7,24,5,10,35,133,5,6,24.2666666666667,55,2,7.74285714285714,5,2,3,0,20,0,353,11,4.74285714285714,5.5,4.74285714285714,4.74285714285714,5.5,16,4,2,11
MOM.141,337976,10044,4013,5449.5,27827,14504,31,1003,1042,18,9075.5,8993,4409,7264,1805,5292.5,13466,3680,5095,3572,1493,2864.16666666667,878,478,1602,5018,283,3741,1380,1160.5,881,223,564,994,409,1243,1036,20,90,1621.33333333333,884,760,7,40,64,2461,529,1994.5,366,84,3036,367,49,5731,233,651,878.5,1815,1994,1849,1008,1049,281,276,423,279,701,349,551,327,659,242,301,282,180,150,136,245,222,61,198,328,76,132,491,57,371,41,4495,212,157,435,40.5,35,68,70,81,85,36,15,145,178,41,135,107,76.5,32,54,67,18,25,13,29,35.1666666666667,4,27,29,27,35,27,12,17.6666666666667,0,28,4,53,3,56,11,7,4,36,41,27,27,4,84,16,0,28,71,82,0,109,21,79,17,15,16,41,6,9,8,29,0,0,32,33,17,4,16,46,37,0,10,32,10,7,8,0,18,29,29,2,10,75,0,7,8,14,21,26,16,12,18,37,6,34,20.8,0,14,13.8,28,18,12,0.833333333333333,18,0.833333333333333,20,2,0.8,21.5,0.8,0.8,3.5,18,19,2,23
MOM.181,84753,2026,933,1521.5,13765,4705,48,690,69.5,9,5351.5,7987,1214,2664,554,2093.5,3283,2002,2226,1644,330,463.666666666667,165,181,470,1674,230,1710,698,222,192,218,462,333,30,331,829,2,0,62,216,91,0,12,53,1109.83333333333,218,908.5,154,17,1975,77,12,3721,130,186,167,902,775,451,609,338,33,411,261,263,137,103,149,100,49,21.5,74,196,80,32,15.5,139,84,45,86,32,22,50,83,64,27,19,653,58,190,81,25,63,24,18,26,476,10,0,48,123,0,0,35,64,0,46,4,13,35,0,12,3.66666666666667,5,32,0,8,4,65,9,3.66666666666667,0,16,19,18,7,7,22,9,2,10,0,4,7,0.5,51.8333333333333,0,7,16,43,21,4,45,33,14,2,0,2,0,6,6,0,8,1,0,0,10,0,13,10,23,5,9,1,0,7,4,7,10,3,7,0,14,13,0,5,0,14,0,0,13,28,0,0,3,0,0,9.33333333333333,14,1,2,11,0,35,3,6,3,5,23,0,0,0,0,0,11,0,2,0
MOM.144,278750,26451,6134,13336.5,17411,23856,8,1016,1191.5,9,15995.5,10220,8029,8296,3421,4165.5,10637,3222,5362,1480,1368,2360,490,1629,1204,3500,576,3227,1052,1523.5,656,312,642,1505,253,496,692,51,59,3028.16666666667,1085,512,1,52,100,1010.08333333333,1779,1093.5,276,31,1716,786,104,4086,85,334,1142.5,1973,2501,1906,1426,1431,811,352,730,394,1005,347,830,176,263,395.5,180,209,194,135,157,851,92,78,86,145,159,185,361,216,200,75,621,166,108,401,155.5,222,208,81,242,154,65,32,81,297,87,107,39,132,46,75,34,315,13,74,188,86,55,31,34,43,50,23,34,62,54,15,43,46,51,57,36,20,48,62,13,52,26,45,29.0833333333333,46,31,13,40,27,17,114,6,30,26,11,29,33,25,18,16,1,8,707,60,86,59,25,13,23,5,4,15,26,10,30,5,13,6,1,4,11,18,14,10,10,5,17,29,8,7,4,26,16,21,20,8.98333333333333,15,7,11.2214285714286,0,31,5,2.16666666666667,24,3.66666666666667,11,13,1.97142857142857,4,1.97142857142857,1.97142857142857,8,19,7,1,34
MOM.170,252397,8281,3852,5902.5,34523,15488,24,1699,617.5,11,17237.5,20437,11913,9472,3136,7932.5,10022,6894,6202,4235,1252,1618.66666666667,425,687,1665,6068,935,3730,1090,1282,1322,1690,1236,1343,468,872,917,75,95,1048,966,355,3,102,169,2552.25,505,2497.5,388,78,4302,448,2,3134,83,481,653,2202,2415,1803,1293,885,265,755,890,1086,653,456,525,415,461,277.5,601,282,311,114,157.5,545,104,129,171,309,91,208,187,138,173,86,411,107,245,241,70,228,21,133,60,248,41,41,108,296,35,74,82,128.5,39,47,89,97,44,38,56,36.1666666666667,0,28,8,10,40,140,28,41.1666666666667,40,32,1,45,21,26,22,6,14,91,26,8,14,24.5,98.25,32,16,0,43,26,51,83,37,33,17,0,20,30,18,9,19,5,13,268,30,9,26,40,0,67,10,0,0,28,11,8,5,15,3,28,14,6,0,52,37,0,6,4,0,16,27,37,24,11,11,0,21.25,26,7,23.25,22,5,13,0,11,0,0,3,3,14,3,3,14,9,0,4,7
MOM.086,177674,40278,8118,23967.5,29514,43221,1,1139,1161,9,19075.5,8679,12373,7486,8676,3895.5,8346,3442,3987,900,789,2384.83333333333,1404,3177,958,4930,588,2630,913,1644,727,112,754,1494,942,292,398,45,126,5901.16666666667,1034,623,2,34,82,345.666666666667,2865,1159.5,439,28,275,1215,86,3544,105,186,1289,1539,2301,2422,972,1846,1643,454,859,300,2361,265,1545,181,316,354,326,104,198,264,355,1251,136,196,150,230,341,83,241,233,331,56,550,139,45,312,210.5,185,239,98,278,70,247,14,113,138,129,113,87,153,180,71,88,644,22,40,63,66.4166666666667,80,36,45,60,52,7,139,57.9166666666667,115,23,59,35,82,113,44,102,33,74,35,38,23,147,18.6666666666667,22,29,23,21,54,9,43,2,16,42,21,7,19,53,56,49,10,7,560,151,72,9,11,21,22,7,12,28,56,21,104,8,35,21.0833333333333,3,13,24,37,12,8,16,18,10,163,17,56,7,63,10,1,17,5.5,28,8,5.33333333333333,12,32,6,42.1666666666667,5,7.66666666666667,15,4,1.5,16.5,1.33333333333333,1.5,17,19,34,1,46
MOM.120,15303,1137,2770,687,8184,1638,7,267,90.5,0,617,10027,2023,3291,4504,5880,2023,1173,1248,9391,239,938,825,99,216,1699,57,1582,153,624,322,194,479,73,42,255,211,46,10,2.5,203,149,131,26,118,7941.16666666667,71,806,16,239,135,37,5,777,153,183,170,650,240,188,152,81,53,64,227,126,24,115,66,134,185,24.5,200,15,12,21,32.5,21,42,34,59,282,2,21,61,53,7,14,49,9,23,46,1,9,2,34,48,10,9,0,56,0,49,10,13,20,38,35,31,3,29,3,63,20,0,8,12,0,0,162,5,20,19,13,3,0,5,12,12,0,0,14,10,0,0,7.5,898.166666666667,5,0,0,4,10,0,34,10,218,7,0,12,15,0,1,4,6,10,45,0,0,11,148,0,58,7,9,2,0,10,3,24,6,3,0,6,0,0,124,19,7,13,0,11,75,17,15,0,29,5,5,296.716666666667,0,5,108.5,0,5,67,0,0,0.5,17,0,11.25,27.5,10.25,3.3,13,26,0,18,0
MOM.121,38750,855,546,470,3537,2802,10,149,20.5,6,2182,3058,435,1288,230,1199,1433,995,779,1429,227,343.333333333333,62,101,193,722,84,991,218,234.5,161,221,205,164,31,129,385,22,10,69,137,63,0,15,53,1146.41666666667,78,281,33,24,1372,51,6,1509,27,85,73.5,312,233,125,285,152,47,131,105,134,51,53,75,68,30,21.5,134,38,49,9,15,133,70,8,29,31,11,10,43,15,17,19,384,15,70,33,6,18,0,3,17,3,0,0,9,40,7,39,1,15,10,2,13,10,0,4,10,12.3333333333333,0,12,0,0,11,67,0,9.33333333333333,9,0,0,20,0,13,2,5,0,15,0,9,0,5,44.4166666666667,0,0,0,41,0,0,20,9,7,5,6,4,6,0,0,0,0,3,53,0,7,1,1,4,10,5,0,0,0,0,0,8,1,0,13,0,0,0,21,0,1,3,0,0,0,4,13,0,3,0,0,4.91666666666667,0,1,2.25,2,0,12,0,0,0,0,0,1,2,1,1,2,5,0,1,0
MOM.041,6310,79,134,103,458,358,33,77,10.5,0,598,668,128,292,92,214.5,384,122,115,264,33,82.6666666666667,5,25,31,113,22,269,51,43,44,29,39,21,1,9,172,0,0,18,58,2,0,14,8,144,7,18.5,27,0,267,0,0,498,6,0,66,66,59,32,84,16,6,72,26,0,34,12,24,5,11,1.5,1,20,65,1,1.5,9,16,0,1,0,0,12,0,10,21,0,55,0,35,42,0,14,0,0,1,13,0,0,6,35,0,0,8,4,1,0,0,6,0,1,0,1.66666666666667,0,1,0,0,0,3,0,1.66666666666667,0,0,0,12,0,0,9,0,0,0,0,0,0,0.5,8,0,6,0,0,0,3,0,0,7,0,0,0,4,0,0,0,0,0,0,0,0,2,16,0,4,8,0,0,0,0,0,0,0,0,0,4,0,0,0,0,0,0,0,3,0,0,0,0,0,0,0,4,0,0,0,0,0,0,0,0,0,0,0,0,0,0,0,0,0,0,1,0
MOM.030,305123,31639,9605,25375.5,23069,23105,10,983,1417,9,19371.5,11873,9516,10705,4402,6020.5,11300,3171,5106,1368,1271,3132.83333333333,620,1577,1065,3503,630,2983,1335,1731,713,1566,755,1985,619,480,500,82,94,3810,1126,459,8,33,78,612.833333333333,2572,1608.5,241,6,1140,979,67,4612,150,387,2257,1727,2803,2133,1435,1634.5,877,362,777,337,1857,299,851,227,259,531,269,133,166,276,204.5,644,177,89,230,180,257,121,425,186,263,28,1129,202,66,361,242,255,225,112,334,223,159,47,83,383,88,179,25,107,70,70,53,499,24,55,66,71.5,21,57,61,50,36,14,35,32,87,7,71,71,58,66,48,74,34,41,22,28,16,71.5,21.8333333333333,36,14,39,52,38,41,99,12,24,31,23,13,37,34,49,7,13,14,25,79,93,9,14,6,38,23,8,29,36,14,47,7,17,27,3,33,11,13,20,19,7,22,28,33,8,35,10,47,22,2,15,4.5,48,10,3.56666666666667,26,14,9,4.5,6,9.5,13,2,1.4,4.5,2.66666666666667,1.4,5.5,21,39,2,52
MOM.103,35062,1543,1742,1234,5107,3305,19,283,185,10,2620,5752,1763,3151,2413,3039.5,2800,1137,1535,2347,223,755.666666666667,199,190,479,1423,103,1171,198,822.5,403,384,355,176,54,279,212,40,22,124.166666666667,336,81,6,4,50,1474.16666666667,143,842.5,93,64,1407,61,18,1355,68,136,465.5,512,327,170,367,184,72,127,147,88,132,125,126,55,108,93,128,47,46,38,24,48,38,16,25,81,46,43,44,45,19,9,237,10,64,130,5,8,16,13,35,21,7,0,34,33,0,33,3,45,33,16,22,0,10,9,23,27.6666666666667,0,24,2,1,4,41,0,20.6666666666667,0,10,0,9,5,21,5,3,15,14,20,7,9,6,51.1666666666667,3,9,0,3,0,0,6,12,26,5,0,7,9,1,3,4,1,0,0,0,1,15,6,10,0,0,0,0,0,3,4,3,0,3,7,2,0,1,20,2,0,7,0,0,7,0,20,6,0,0,0,20,0,3,3.33333333333333,14,9,15,4.16666666666667,0,0.666666666666667,19,6,0,0.5,0,0.333333333333333,0.5,4,9,1,0
MOM.125,249912,10975,4201,5905.5,29978,17271,14,832,483,19,15241.5,13285,8355,5372,2552,4818,7909,3920,4900,1775,828,1001.16666666667,444,729,1485,4287,444,2652,1076,991,725,460,818,892,405,677,804,13,41,884.333333333333,543,323,7,45,127,1304,767,1599,317,64,2528,426,21,2224,120,417,673,1508,1314,1393,989,874,323,530,523,404,672,289,406,300,329,152,277,109,149,71,97,520,141,69,91,162,163,100,144,79,86,43,310,70,280,237,41,94,75,82,114,87,37,0,117,87,25,39,98,92,41,78,15,52,28,42,40,29.1666666666667,24,32,13,26,4,24,21,33.6666666666667,22,47,17,24,24,25,6,15,13,32,1,10,30,26,56,0,23,0,19,10,8,33,42,56,4,5,17,25,16,18,20,12,19,53,13,31,24,34,19,46,1,1,0,19,2,4,6,7,0.5,10,2,19,7,11,7,14,11,3,7,15,40,4,1,5,24,5,18.95,0,11,3.95,1,0,36,8.33333333333333,14,0.333333333333333,7,1,0.45,7.5,0.2,0.45,10,9,9,1,11
MOM.151,322062,21555,9639,11040,50593,30483,17,1966,918.5,24,18294,22442,7790,9011,3783,10777.5,14291,7327,7454,2369,1326,2861.66666666667,777,1559,1882,8112,795,4399,1055,1426.5,956,974,1267,1655,376,897,1080,166,91,1448.33333333333,1006,639,4,58,194,2038.5,825,3103.5,622,121,3084,628,53,5638,213,539,1153.5,3019,2749,1793,1547,1909,741,715,989,970,853,492,577,515,496,298.5,418,272,317,191,206,1080,285,137,260,316,322,157,318,213,291,61,335,131,249,462,109.5,175,114,120,138,124,53,22,79,201,83,168,23,138,100,108,46,127,20,54,113,98.25,42,54,32,37,58,51,48,39.25,50,25,57,128,90,53,42,58,17,19,52,39,46,49,46.5,38,14,33,32,55,9,122,29,49,28,14,24,50,52,40,30,22,23,80,25,25,18,13,9,31,20,29,15,43,11,37,0,10,12.25,17,3,22,11,48,10,15,19,12,12,44,16,11,17,47,7,3,11.4333333333333,5,8,5.6,11,10,57,9.83333333333333,25,8.83333333333333,11,34,1.76666666666667,5.5,2.1,1.76666666666667,8,9,10,5,14
MOM.106,271305,21274,6851,14772.5,16587,21428,7,404,903.5,4,5453.5,3649,8455,2983,6896,2258.5,2922,1447,1832,757,508,2945,946,1329,489,1293,139,1883,777,672.5,635,54,199,779,236,376,237,33,63,4012.66666666667,508,321,3,51,31,364.75,1260,383.5,125,15,221,714,24,1122,58,258,545.5,558,1239,1409,997,1009,683,127,244,199,1350,190,1184,145,204,287.5,177,58,110,166,136.5,689,71,117,146,285,186,128,270,121,259,50,356,86,23,290,196,107,158,31,245,193,102,8,40,83,35,92,32,105,107,29,57,150,43,44,61,74.6666666666667,29,49,30,12,37,7,55,160,30,3,33,47,67,113,23,69,27,12,19,47,14,48.5,17.75,15,27,21,52,31,3,83,5,20,46,18,2,7,41,31,14,17,2,10,57,13,21,8,30,6,3,0,45,23,10,57,8,32,12.6666666666667,2,11,7,9,6,10,5,3,9,70,13,16,4,37,12,19,4,3.75,15,11,0.75,20,8,0,8.16666666666667,8,30.1666666666667,16,2,0,12,0,0,5,9,19,0,31
MOM.143,245205,26211,11323,17473,27840,24695,4,746,1387.5,23,9083,8561,12940,6052,6250,5676.5,5551,3655,3810,1147,926,1970.33333333333,1157,1328,770,3710,314,2528,947,1026,622,217,316,1083,418,734,415,96,81,3174.83333333333,785,742,6,16,38,642.166666666667,1470,1415.5,260,72,564,694,38,3417,123,410,634,1204,1718,2101,1243,1292,1046,211,543,244,1238,255,1170,399,421,332.5,310,95,192,319,257.5,595,154,128,239,224,163,86,261,96,431,54,110,111,35,266,196,78,248,86,361,135,192,40,94,209,100,107,94,177,120,66,55,91,6,86,41,60.3333333333333,12,36,45,62,41,10,50,52,11,20,18,81,103,113,16,53,39,16,20,29,10,64.5,24.1666666666667,25,2,20,28,29,8,134,8,31,36,30,8,11,28,29,35,15,10,256,45,29,9,23,20,15,0,8,16,33,16,55,0,24,4.83333333333333,12,15,17,18,14,5,21,5,7,57,6,34,19,33,71,10,11,11.3166666666667,41,2,6.48333333333333,23,28,1,3.83333333333333,4,6.33333333333333,153,7,2.23333333333333,0.5,2.15,2.98333333333333,10.5,8,27,1,37
MOM.115,415841,30546,8902,17817.5,43267,34674,10,1432,1304.5,0,21779.5,13012,18759,10295,6994,6394.5,10645,4255,7189,1342,1238,2056.33333333333,1476,1962,1483,5262,611,3727,1227,2492.5,1166,461,1020,1861,978,761,781,201,90,3195.66666666667,1396,664,3,47,103,794.416666666667,1766,1803.5,557,16,2616,921,81,4413,168,466,1842.5,2358,2605,2339,1379,1869,869,513,789,624,1658,436,1089,358,577,459.5,617,266,224,217,266.5,623,197,112,230,267,284,156,360,255,286,17,485,119,118,427,202,205,206,144,241,175,121,17,102,169,107,153,256,146,153,94,50,205,34,39,134,52.8333333333333,30,41,50,44,45,4,67,72.8333333333333,72,23,26,70,82,113,32,56,35,39,30,19,29,72.5,19.4166666666667,53,63,25,113,33,21,111,21,58,21,20,13,39,39,39,43,6,9,6,112,15,1,19,16,12,14,5,29,14,13,78,5,34,4,7,16,17,30,21,7,0,18,15,38,27,8,2,31,15,18,4,7.16666666666667,45,9,8.5,13,23,7,2.66666666666667,19,2.66666666666667,34,4,0.821428571428571,6,0.571428571428571,0.821428571428571,15,29,19,1,30
MOM.114,241229,22687,13413,12377,23196,25522,5,753,1185.5,3,3979,10064,7207,7921,7430,8942.5,6575,2878,3643,2189,712,3132.5,1350,1619,842,3178,134,3088,549,1754,1131,271,360,859,375,933,611,38,98,2167.66666666667,971,438,11,16,7,1600.66666666667,1453,1480.5,150,127,454,530,4,2627,151,361,936,1569,1439,904,1312,1125,725,139,590,83,1058,304,1569,430,501,376.5,147,72,123,233,110.5,402,36,71,272,391,234,191,403,190,485,30,633,134,16,352,181,42,147,50,339,156,94,18,107,115,77,149,81,129.5,105,106,80,76,74,29,53,80.6666666666667,18,10,61,15,20,94,86,127.866666666667,64,15,1,47,26,181,17,39,6,41,13,63,6,52.5,89.6666666666667,17,9,24,27,41,0,105,15,50,18,38,1,19,32,34,14,13,1,21,50,65,7,30,28,30,5,7,39.5,26,20,61,14,12,21.2,12,20,2,14,31,8,11,6,19,37,24,72,14,53,30,20,23,27.4166666666667,18,10,5.55,20,26,3,6.16666666666667,9,9.16666666666667,89,10,0.25,14.5,1.05,0.8,24,1,13,6,23
MOM.162,152553,4800,3806,4468.5,25863,10906,22,1699,326,31,16719.5,27911,7337,7242,1997,8874,9843,6841,5908,4688,1209,995.333333333333,539,324,1476,6760,766,2469,1155,807,991,813,928,919,262,771,597,41,56,470.833333333333,608,319,11,9,212,3337.33333333333,274,3326,488,132,2987,304,23,7183,152,540,601,1881,1429,1090,1198,485.5,193,882,619,526,259,376,292,279,523,164,454,216,386,58,81,178,182,68,129,412,92,85,130,72,84,92,1066,86,269,232,25.5,50,9,63,129,83,10,5,224,87,19,50,29,52,16,32,67,10,11,50,112,10.3333333333333,12,11,14,0,0,44,21,10.5333333333333,6,12,16,56,0,31,27,4,0,37,13,24,6,11,194.333333333333,26,26,12,25,28,17,22,61,13,10,0,55,44,0,0,33,30,32,221,11,5,47,29,0,14,88,5,19.5,15,1,31,0,8,2.2,10,0,0,18,22,25,0,3,0,0,13,44,26,20,38,8,0,44.1666666666667,0,1,10.8333333333333,0,7,42,0.333333333333333,7,1.83333333333333,4,32,0,0,2.83333333333333,2.5,0,0,0,5,0
MOM.081,269592,15027,8110,13496,18786,21147,6,486,1028,5,3430,10975,8663,4315,7283,6085,3275,2111,2547,2354,435,2088.5,1541,1535,737,1968,47,1934,524,1074.5,731,392,374,620,260,601,275,10,44,2463.16666666667,564,364,8,12,86,2491.16666666667,1994,1472,167,138,310,762,2,2315,115,395,980.5,937,790,572,939,854,582,38,419,90,954,308,1379,269,250,269,225,52,78,106,96,566,54,69,110,302,76,125,214,108,358,25,141,81,18,223,143.5,20,150,39,251,58,96,1,77,35,49,92,87,113,120,46,29,73,41,16,101,105.5,18,33,36,3,24,65,47,9,32,6,6,18,22,99,11,22,14,29,19,27,0,45,112.166666666667,41,0,12,20,44,0,41,9,42,46,15,14,6,15,28,8,15,0,59,67,57,16,23,29,43,33,0,26.5,44,18,35,25,11,11.3333333333333,18,4,29,13,34,8,14,7,16,20,22,40,7,20,36,3,9,34.9833333333333,30,8,24.9833333333333,18,18,15,20.1666666666667,1,4.66666666666667,23,3,2.81666666666667,2.5,4.81666666666667,4.06666666666667,5.5,9,49,5,19
MOM.133,73418,46540,23941,7979,11294,12776,5,408,612.5,6,2315,19011,11361,10629,13920,30535.5,1895,2325,2444,6620,441,3847.16666666667,926,655,462,2175,49,2651,304,1396.5,417,1203,316,409,138,580,398,27,115,478.5,882,200,30,29,55,6163,2081,2570.5,64,457,70,376,0,2159,127,655,1070.5,922,824,524,465,390.5,465,28,619,80,708,274,1615,470,180,196.5,92,40,78,167,164,265,21,112,196,208,20,85,312,184,412,10,311,67,10,385,162,4,98,75,414,92,34,14,55,14,104,91,21,85,107,60,92,134,1,9,66,125,21,14,81,7,19,251,64,105.5,9,6,12,73,26,110,7,60,23,48,8,50,14,35,511,19,0,0,13,27,10,45,0,242,53,45,0,0,44,15,15,8,11,30,78,68,6,113,11,57,7,0,42,21,39,32,41,14,19,0,0,10,10,51,7,10,7,9,10,41,75,6,6,8,5,44,153.666666666667,30,24,103.866666666667,68,9,20,0,9,2.5,37,0,0,51,9.2,9.86666666666667,23,15,19,13,30
MOM.054,28315,381,494,423,2109,1459,22,118,31.5,1,1592,2047,579,898,265,853,1149,592,593,899,131,191.5,41,70,205,616,47,665,125,134,68,663,114,115,36,91,167,8,2,37,141,49,3,3,16,560.916666666667,88,198,26,25,598,16,0,1047,9,60,161,180,140,148,196,91,11,77,48,50,28,44,25,24,26,15.5,93,47,39,11,7.5,51,36,1,9,39,0,14,36,0,5,4,106,10,54,45,9,4,5,4,18,12,3,2,20,19,0,19,12,28,12,9,8,5,0,2,8,3,0,6,1,2,0,4,0,0.5,0,1,0,14,1,5,6,0,6,10,0,0,0,0.5,9.91666666666667,10,0,0,17,6,1,5,4,11,0,10,4,24,0,0,0,8,0,0,1,2,3,5,0,7,5,3,4,0,0,0,0,4,0,2,0,0,0,1,5,0,0,0,1,1,4,2,3,0,0,0,2.16666666666667,0,0,0.5,0,0,4,0,0,0,0,2,0.25,0,0.25,0,0,0,3,1,0
MOM.099,141418,5624,4272,3832.5,17224,10685,15,812,320.5,18,7681.5,16336,5912,7201,4713,6721,6467,2869,3341,2095,619,1228.33333333333,695,718,1097,2884,433,2343,575,1645,1051,704,786,490,76,410,813,9,76,310.5,674,267,4,44,75,2079.91666666667,508,1729,318,52,1957,320,8,3395,74,237,1091,1441,844,498,1076,595,205,588,496,337,322,251,512,212,202,176.5,253,176,264,113,53,269,130,58,92,273,70,55,142,69,39,6,1274,29,261,255,34,70,66,42,71,30,36,8,63,137,18,102,44,88,28,39,52,25,69,27,74,34.3333333333333,11,6,4,17,20,48,32,31.3333333333333,20,21,3,21,8,29,17,6,0,18,11,17,0,13,70.9166666666667,0,23,3,61,1,113,8,25,18,5,16,24,50,5,2,23,14,1,0,20,46,27,30,21,12,30,3,21,12,2,1,0,17,8,0,3,7,5,13,12,8,6,1,16,34,7,1,0,17,14,5,36.8666666666667,11,3,12.2,24,8,29,0,0,1.5,7,8,6.45,2,6.45,5.2,13,10,26,9,0
MOM.112,269333,17001,4496,9590.5,18709,19278,4,854,1312.5,8,5078.5,5020,6263,6651,6459,2401,6720,1774,2963,1582,579,2547.66666666667,948,1220,887,2183,179,2958,633,1573.5,616,285,625,1190,407,423,563,53,71,2196.66666666667,1075,352,9,56,60,1243.33333333333,1250,615,257,25,789,618,39,3052,192,234,1036.5,1030,1588,666,904,1093,479,173,469,193,1275,264,1222,104,220,334.5,84,165,129,161,105,364,69,87,152,251,114,105,297,149,294,9,1396,113,77,467,112.5,120,70,64,290,109,68,7,94,152,49,88,3,96,74,45,52,204,17,11,130,82.6666666666667,6,42,48,33,33,12,34,81,46,27,23,59,20,114,37,22,26,36,19,30,20,28,47.3333333333333,25,16,14,22,50,34,56,11,31,44,15,9,14,24,40,6,5,6,2,68,47,0,32,8,39,3,3,24.5,17,15,38,22,41,20.1666666666667,2,16,20,8,29,2,11,12,25,59,9,22,3,41,58,5,5,15.1833333333333,15,13,11.85,21,7,6,19.1666666666667,12,18.1666666666667,141,9,0.6,7.5,1.85,1.85,11.5,16,29,1,8
MOM.157,72162,2256,1332,1035.5,6999,2646,24,257,224.5,19,3038.5,3406,1159,2509,464,1838,2003,996,1226,787,221,321.166666666667,159,114,300,1119,53,1000,552,278.5,107,61,139,245,48,227,409,21,12,83,227,82,5,28,48,606.666666666667,106,376,56,20,1329,80,4,2167,44,114,253.5,301,422,500,420,217,68,165,133,141,130,55,149,117,91,111.5,138,103,85,12,9,61,55,3,36,13,42,16,105,40,54,18,226,6,110,84,1,59,9,37,31,79,0,17,35,45,14,22,28,18,7,14,3,2,18,6,5,10.1666666666667,15,19,6,2,4,8,0,3.66666666666667,0,0,0,10,0,6,17,2,0,17,2,22,0,4,35.6666666666667,7,0,21,26,11,5,48,19,10,2,0,13,10,5,8,8,11,0,0,6,5,21,23,2,12,0,0,7,0,10,6,6,1,3,0,0,0,2,0,11,0,4,0,0,0,0,3,0,15,0,0,4.66666666666667,16,2,2,0,0,5,0,0,0,38,0,0,1.5,0,0,1.5,1,10,0,3
MOM.038,86695,2243,834,1805.5,12431,5020,34,595,272.5,1,3432.5,5464,1914,2542,891,1675.5,3634,1665,1967,3361,271,1282.5,267,137,824,1472,152,2489,354,577.5,669,476,880,373,144,382,666,15,20,220,472,117,1,24,47,2722.41666666667,121,433.5,144,58,2111,102,11,2668,59,135,247.5,541,834,300,661,240,55,95,228,355,175,165,399,98,183,91.5,102,209,123,7,31.5,93,165,19,105,71,43,104,205,80,184,7,288,47,155,248,22,58,9,43,51,39,1,8,33,11,33,75,27,35,20,38,58,14,32,21,34,33,0,34,19,9,22,54,0,30,10,5,0,49,0,12,22,0,23,11,9,18,0,8.5,144.416666666667,7,7,0,37,19,7,50,34,48,8,1,9,1,13,5,10,0,15,35,21,4,31,10,0,7,0,10,0,5,6,10,5,0,12.5,0,24,17,23,28,15,7,4,0,7,5,24,7,17,13,20,4,38.6166666666667,0,2,52.6119047619048,2,0,11,0,3,0,4,0,3.86190476190476,0,3.46190476190476,3.86190476190476,0,10,10,3,0
MOM.150,50637,1010,1080,1178,6432,3475,19,285,103,9,2186,5189,1191,2347,1182,1861.5,2642,1301,1628,1822,237,405,275,136,421,1446,118,1068,320,414,140,763,414,239,57,290,240,50,18,92.6666666666667,260,101,10,28,40,1476.75,122,611.5,91,26,1006,74,0,2810,52,119,334,478,275,262,321,237,68,117,176,94,96,119,124,116,154,53,284,109,62,20,38.5,43,50,10,20,121,7,20,67,6,0,16,506,34,90,112,0,10,28,41,25,3,14,0,52,42,0,7,8,21.5,6,3,9,2,14,8,27,9,0,4,0,10,7,17,0,7,0,17,0,12,0,16,5,16,0,32,0,7,0,8.5,50.75,2,0,15,4,1,6,0,2,37,4,0,23,0,0,0,0,7,7,27,4,4,13,12,0,2,15,14,0,6,0,0,0,2,1,0,1,5,0,18,0,4,8,0,0,18,3,0,1,4,7,6,25.25,0,3,12,10,0,27,1.66666666666667,0,1.66666666666667,16,13,0.75,0.5,0,0.75,4.5,3,4,4,0
MOM.082,229213,13836,5129,7690,20346,15080,8,955,619.5,25,10186,7733,4744,6189,2114,4167,6467,3178,4752,1992,837,2110,242,773,1051,4010,319,3288,1035,893.5,696,984,636,1280,415,588,680,10,53,1898.16666666667,619,384,0,57,99,1467.16666666667,667,861,225,113,3064,443,12,2595,92,363,666.5,1326,1801,1492,1068,1251,479,226,554,378,733,268,667,184,265,171.5,198,103,169,113,123.5,506,137,119,101,157,95,116,280,115,238,27,115,57,135,435,100,186,94,109,149,99,30,43,41,207,72,161,63,143,78,74,64,161,48,46,146,45.3333333333333,0,49,57,10,19,63,28,59,30,7,79,76,21,47,40,12,14,52,27,10,23,24.5,65.1666666666667,1,19,35,56,15,1,54,14,54,12,12,9,15,25,18,20,1,9,0,0,59,16,19,26,21,0,21,17,38,8,23,9,43,10.3333333333333,5,13,16,6,9,19,10,3,23,24,9,19,33,10,10,1,9,9.5,17,10,3.83333333333333,25,18,7,7.16666666666667,11,6.66666666666667,0,7,0.333333333333333,12,0,0,19,1,10,4,18
MOM.145,34506,624,516,589,2607,1159,18,220,35.5,4,2519,2746,295,1104,223,1382.5,1878,1211,957,867,187,276.333333333333,64,37,299,1012,117,552,314,129,129,45,138,148,55,207,388,7,11,44,108,56,0,7,40,680.833333333333,81,410.5,58,55,697,27,15,1624,40,116,137,191,304,158,291,98,9,137,42,66,66,27,51,32,64,19.5,60,117,83,4,18,48,20,2,32,13,10,7,74,14,18,2,37,9,72,99,6,11,1,5,23,2,5,0,27,79,6,13,35,22.5,0,8,11,1,16,8,11,4.83333333333333,5,12,0,0,0,12,0,4.83333333333333,0,0,0,3,1,3,5,0,0,8,3,2,2,6,26.8333333333333,0,0,1,1,0,0,4,14,4,4,0,0,0,0,0,0,0,0,22,0,19,11,11,5,9,3,0,1,1,2,10,0,6,2,8,0,0,0,8,0,0,0,0,0,0,0,0,1,4,2,0,3.83333333333333,0,1,1.5,0,4,24,2,0,2,0,0,0,1,0,0,0,0,0,2,0
MOM.172,156718,7262,4003,4985.5,19990,14270,31,906,490.5,9,15065.5,16479,7374,5526,4545,5603,5917,3958,4622,1424,581,891.333333333333,475,568,947,3376,537,1798,528,1308.5,811,216,743,507,305,436,603,121,28,795.5,738,213,17,40,138,1314.58333333333,489,2172,348,74,1622,271,15,6337,161,216,600.5,1084,938,591,1024,583,251,591,448,327,434,298,537,304,220,160.5,120,208,177,130,89,167,110,75,122,227,149,49,82,56,87,19,559,87,129,194,68,83,72,77,128,98,21,0,65,99,43,74,67,60,45,49,21,26,18,26,47,22.0833333333333,0,17,0,11,2,63,42,10.0833333333333,31,31,11,31,22,18,25,10,17,9,35,15,15,28,57.5833333333333,22,42,9,28,2,24,10,34,44,7,15,10,25,5,21,9,0,2,288,8,21,24,95,17,33,4,6,7,2,1,20,16,20,22.75,9,11,26,7,4,0,0,4,6,3,13,38,4,7,21,4,5,10.0833333333333,2,8,3.75,28,12,41,7,9,0.5,54,6,2.5,0,0,2.5,0,0,23,5,6
MOM.047,251055,17371,10798,17043.5,19294,16430,5,933,1525,5,14944.5,11844,10953,9722,8280,6918.5,7587,5467,5314,862,989,1778.16666666667,1140,1524,1210,5763,550,2401,665,1662,674,626,508,1360,661,447,523,71,116,1831.83333333333,927,711,23,23,82,656.416666666667,2401,1691.5,269,106,820,849,59,4129,126,324,1440,1643,1430,1571,1498,1140.5,900,409,679,503,1632,328,825,287,450,421,363,142,103,357,244,559,138,223,138,252,185,83,163,105,207,59,407,133,135,276,135,191,232,53,327,143,77,42,98,138,88,102,18,97,90,107,35,187,11,103,123,43.75,39,45,42,44,10,11,87,39.25,60,15,17,61,67,97,26,49,18,29,29,19,38,47,18.4166666666667,34,22,0,32,46,16,86,8,12,23,13,24,19,19,31,41,5,18,3,51,61,8,42,18,7,0,7,45.5,32,7,42,16,41,8.75,9,29,8,31,2,3,17,1,38,31,7,42,7,37,39,2,16,8.01666666666667,28,8,8.35,14,18,10,1.83333333333333,3,23.3333333333333,94,3,2.6,7.5,2.6,2.6,12.5,13,32,4,35
MOM.100,212022,23142,5608,11922,17312,17527,6,621,1157,1,8681,5466,7201,5340,4724,2731.5,4716,2182,3837,927,601,2154.16666666667,458,1408,943,2297,93,1564,538,1239,883,174,446,973,393,419,458,28,84,3224.33333333333,740,435,4,47,36,1017,1543,602.5,264,45,605,730,45,2437,155,288,981,923,1848,1102,1044,913,656,265,444,321,1101,249,732,117,240,294,155,104,133,186,126.5,252,95,97,163,343,184,54,249,161,207,17,617,103,74,225,135.5,167,101,69,263,100,89,28,44,122,51,110,16,111,87,69,54,190,17,41,70,71.6666666666666,17,57,30,12,29,15,44,94.8333333333333,65,7,30,67,66,105,33,31,20,36,10,26,33,49.5,36,24,29,35,28,18,22,42,6,20,22,9,4,15,56,8,13,6,6,0,41,53,12,13,16,25,0,2,37,17,12,43,10,24,11.6666666666667,2,9,15,9,10,5,17,3,19,66,13,31,4,29,34,28,20,13.8,24,5,11,20,23,6,1.83333333333333,3,7.83333333333333,38,10,2.5,4.5,2.5,2,8.5,8,25,2,20
MOM.053,112989,3529,1662,2783,11419,7414,22,737,380.5,6,5916,7307,2383,3647,1366,2891,5774,1726,2956,3494,588,1662,224,224,767,2022,233,2661,528,699.5,538,682,896,499,134,424,685,16,52,324.666666666667,598,237,1,37,90,2844.5,274,778,109,27,2004,240,24,3018,73,185,446.5,1082,796,467,648,359.5,127,152,474,266,242,242,321,134,129,154.5,272,170,166,45,37.5,94,77,18,99,141,101,93,132,125,83,4,542,63,126,240,57,72,22,36,38,28,2,6,64,116,20,85,21,107,26,44,20,24,21,13,64,62.5,0,19,0,5,1,94,13,19.5,0,12,16,62,18,20,5,0,0,26,16,14,12,21.5,82.5,21,5,20,76,13,13,13,28,25,12,0,30,24,6,18,0,8,0,325,36,54,24,24,6,58,1,11,11,0,11,23,0,0,9.5,9,8,0,0,31,0,9,0,5,0,26,4,15,13,10,0,0,25.6,0,7,7.8,4,14,23,0.666666666666667,0,4.66666666666667,20,13,0.8,3,0.8,0.6,3,0,5,4,0
MOM.174,71167,5567,4799,5627.5,20680,5424,16,765,2306,0,6527.5,14654,8701,4703,17080,8118.5,4611,2940,2880,4800,261,2765.83333333333,5222,241,1482,2075,194,2708,255,2645.5,573,207,1175,333,200,489,559,564,110,175.833333333333,1583,305,92,106,301,5797.33333333333,343,2076.5,113,189,879,280,19,2599,978,453,545.5,1439,980,157,1547,192,252,152,651,274,506,507,685,312,381,300,106,124,141,106,115.5,74,104,71,285,254,73,88,89,99,129,257,378,66,224,193,128,82,74,129,900,43,117,9,38,14,64,38,18,73,72,184,90,0,23,20,436,53.5,37,45,37,73,0,102,49,25,22,5,38,27,6,105,55,14,0,54,93,4,13,28.5,443.333333333333,11,0,40,0,50,176,113,38,530,11,15,43,16,7,11,42,0,32,0,19,0,9,518,43,118,8,8,11,7,34,10,10,168,15.5,19,24,6,0,60,0,0,22,0,0,39,62,3,18,353,26,4,125.916666666667,10,11,71.2,14,25,85,2.33333333333333,41,2.83333333333333,287,27,11.3666666666667,55,9.08333333333333,10.6166666666667,57,1,23,16,0
MOM.128,152767,23646,22077,14870.5,26507,25741,2,718,517.5,0,5319.5,26526,17044,14723,21280,25135,3341,6651,4401,4795,1185,2158.5,2913,1380,1051,6689,58,2028,518,2157.5,633,641,445,681,396,1257,392,74,156,1874.33333333333,823,590,1,22,117,4930.66666666667,1835,5836,140,535,188,552,15,2311,275,935,1621.5,1633,685,1263,828,709,940,31,376,66,835,440,1127,924,568,154.5,171,20,152,249,202,434,60,174,365,540,32,58,185,152,256,24,864,70,21,187,366.5,6,142,67,335,18,98,10,101,70,148,59,169,63,84,83,119,13,14,34,133,34,46,5,56,1,10,199,97,40.5,30,36,2,36,33,99,7,34,14,40,31,23,0,50,328.666666666667,26,4,0,8,25,8,19,0,106,7,16,18,17,23,24,34,45,0,32,34,73,13,55,25,49,1,8,15,55,28,23,14,35,10,21,16,15,5,75,10,20,22,21,35,17,110,13,25,52,5,11,66.2666666666667,6,6,32.5166666666667,12,7,7,0.333333333333333,13,0.333333333333333,23,10,4.01666666666667,43.5,5.26666666666667,5.1,24.5,34,26,17,13
MOM.063,108170,7632,2268,4562,7739,4941,18,295,1061,11,4877,5066,3828,4872,2031,1884,3184,1012,2233,993,460,1085.33333333333,496,401,323,1055,107,1455,412,1011,427,905,379,726,150,378,431,52,81,1025.33333333333,567,162,0,26,59,978.416666666667,486,407,116,24,967,191,18,1620,72,243,613,682,632,525,624,390.5,190,88,274,162,386,229,438,68,105,292,91,70,138,52,34,147,17,53,101,154,58,91,127,48,204,16,363,61,57,159,35.5,91,29,28,119,75,21,19,24,111,24,69,35,83.5,37,22,37,28,3,3,51,31.8333333333333,4,28,22,14,19,43,9,27.3333333333333,9,9,5,22,12,20,36,0,7,43,20,16,4,17,52.4166666666667,1,10,25,36,11,0,80,5,36,12,8,0,7,12,7,13,2,6,163,7,3,3,7,6,27,15,0,18,0,11,6,0,4,5,8,13,10,0,3,3,0,13,0,7,23,24,13,9,24,4,7,17.2166666666667,11,6,8.26428571428571,0,0,5,0.833333333333333,14,4.83333333333333,2,1,3.01428571428571,18,5.01428571428572,2.51428571428571,13.5,12,14,3,11
MOM.154,347484,15401,10316,10394,29858,22626,8,1242,1289.5,20,10030,13764,7506,12479,7384,9172.5,12498,5109,6794,4317,1455,2833.66666666667,1207,1521,1480,6357,700,3505,1293,2539,1083,894,1133,1679,346,680,588,23,102,1506.66666666667,1342,621,8,59,148,3633.75,1295,2093.5,322,128,1995,578,31,5693,172,631,2034,2355,1925,1477,1164,1463,829,554,745,308,1157,325,840,347,579,450.5,595,392,196,227,119.5,735,220,135,199,296,147,160,338,158,241,72,558,159,115,566,74,108,88,90,191,90,73,25,103,171,63,134,279,192,138,110,57,183,45,99,96,64.4166666666667,53,58,33,50,27,95,68,75.4166666666666,53,42,10,107,89,88,40,92,47,61,23,55,15,44.5,115.75,26,12,36,55,24,1,84,29,64,17,2,28,59,8,11,38,10,4,17,23,51,18,47,38,29,23,3,13.5,26,19,21,4,37,11.25,22,19,19,8,27,15,21,15,29,29,33,36,12,43,23,14,15,37.65,21,6,7.65,50,20,45,1.16666666666667,5,1.16666666666667,80,1,0.4,7.5,0.4,0.4,18.5,15,15,10,14
MOM.113,222131,10369,2835,5573.5,12698,9863,17,810,1165.5,0,7453.5,6193,3833,5990,3191,2581,5997,1561,3265,2388,498,2054,715,797,917,1742,292,3507,737,1736.5,761,2255,650,837,382,535,850,77,38,1773.5,1351,331,4,60,47,1720.91666666667,658,547,257,34,2081,433,11,3761,98,272,1018.5,869,1479,834,849,954,282,359,457,292,642,193,748,139,169,315.5,342,201,133,82,71,223,83,39,119,255,112,105,306,132,233,21,250,110,116,370,58.5,223,67,61,156,130,33,26,50,151,15,110,44,146.5,65,44,50,255,13,37,26,46.5833333333333,4,30,25,21,11,28,40,48.5833333333333,8,4,33,87,41,62,19,12,5,52,24,34,0,13,69.9166666666667,13,35,16,45,18,27,47,27,59,15,10,18,11,38,7,11,14,8,8,11,29,20,12,3,40,0,8,9,1,8,22,14,32,11.25,4,15,4,8,29,0,4,6,15,20,35,50,3,15,6,2,7,21.05,11,9,16.6166666666667,5,23,26,18.5,4,0,43,0,2.96666666666667,8.5,4.36666666666667,6.36666666666667,4.5,12,4,3,13
MOM.040,120544,2954,1160,2219.5,9024,4034,21,437,270.5,10,4992.5,3840,1510,3384,832,1585.5,2427,1028,1616,1128,255,876.333333333333,177,257,410,918,96,1690,545,450.5,193,635,309,433,134,234,357,5,13,360.833333333333,340,127,0,35,37,963.833333333333,322,362.5,87,16,1461,190,6,2151,47,170,444.5,642,826,546,444,397.5,116,164,197,113,228,102,198,61,102,78.5,137,146,109,23,39,236,41,23,67,47,27,59,90,28,84,12,192,30,119,181,22,50,53,30,56,77,18,0,24,176,7,58,31,37,27,24,5,67,8,13,11,20.3333333333333,2,33,1,3,13,16,6,16.3333333333333,6,5,9,21,9,6,19,2,2,26,10,18,0,9,20.8333333333333,2,14,0,23,11,4,60,8,23,5,1,6,3,4,0,3,10,0,0,1,35,6,4,8,7,4,0,2,20,3,4,14,10,2,0,6,18,2,3,2,0,6,14,1,14,17,5,16,0,0,0,4.83333333333333,13,2,0.5,2,7,10,5.33333333333333,10,5.83333333333333,1,15,0,4.5,0,0,5.5,0,1,4,4
MOM.116,258953,7069,3879,6504,23445,12538,18,1168,852,22,10364,15466,4735,7745,3321,5724.5,2405,3485,4681,4022,755,1860.33333333333,747,659,1320,3212,350,3348,879,1284,906,1084,1154,998,474,702,913,44,31,742.833333333333,918,410,20,38,190,3042.25,383,1393.5,345,37,2879,378,12,5860,167,381,622,1860,1204,730,1031,611,283,431,746,399,704,332,699,243,389,242,337,220,264,57,39.5,298,158,43,158,163,99,104,212,123,250,34,732,72,190,286,66,57,26,54,145,81,34,11,97,129,31,114,41,79,65,35,36,12,9,27,76,43.3333333333333,11,74,16,15,17,159,20,54.3333333333333,26,15,0,88,17,47,45,3,12,43,15,20,7,10.5,131.25,18,28,16,102,29,7,70,5,84,25,0,0,21,0,26,0,18,15,0,14,45,12,29,8,40,0,0,2,34,5,0,12,12,2,9,15,15,0,71,32,1,42,0,8,40,20,16,0,13,0,1,31.05,5,6,12.55,37,10,12,7.83333333333333,5,5.33333333333333,36,7,2.8,1.5,1.3,3.3,1.5,0,11,5,7
MOM.156,259204,38984,8794,20157.5,25739,27279,5,1134,1214,22,22210.5,13627,10562,9841,5123,5124.5,2777,4522,4686,1161,1240,2066.66666666667,510,2698,1246,5017,673,3027,890,1587,810,74,597,1804,772,451,654,39,114,4590.16666666667,983,619,40,51,150,714.5,2605,1350.5,340,97,914,956,63,3837,94,263,1565,1882,2164,2242,1548,1848,1360,505,613,403,1923,315,1117,249,315,377,118,116,189,298,263.5,1555,138,106,172,185,189,96,350,194,266,45,104,148,116,368,237.5,255,241,120,275,99,199,59,87,351,77,150,131,137.5,108,91,79,521,27,101,112,46.75,47,62,39,47,42,19,71,70.25,140,18,51,61,75,77,24,81,39,58,28,30,37,96.5,26.5,19,44,54,99,22,17,86,10,61,23,16,19,6,81,39,25,27,14,315,88,66,7,18,19,18,24,3,13.5,36,10,79,7,34,16,10,31,29,29,23,13,10,28,23,114,8,16,14,56,4,7,12,10.5666666666667,48,13,18.2333333333333,9,21,8,5.66666666666667,13,39.1666666666667,2,6,1.06666666666667,9.5,0.9,5.23333333333333,9.5,17,9,1,54
MOM.070,379007,11318,5858,8997,35643,24369,54,1858,409,0,14697,19682,8170,8224,2263,6384,4255,5637,7353,6053,1552,3271.5,769,992,2176,5800,656,4739,1939,1387.5,1057,1614,1635,1404,273,1436,1161,24,65,1244,1007,487,25,43,185,4660.25,799,2085,335,71,4948,635,19,6784,279,546,857.5,2361,2118,1464,1535,1397,366,493,866,619,604,363,780,407,625,164,201,251,279,181,172.5,510,241,60,191,284,83,80,368,215,370,68,775,88,316,318,50,117,84,46,118,147,42,19,202,153,44,123,60,200.5,35,112,66,33,12,14,124,74.8333333333333,18,33,6,11,15,104,12,95.3333333333333,44,0,27,111,49,97,29,50,0,92,35,30,28,45.5,119.25,19,42,17,128,16,12,56,66,102,30,13,14,70,19,41,0,18,0,11,23,11,71,18,23,70,22,4,19.5,15,17,48,8,13,22.3333333333333,21,18,42,0,50,12,17,0,0,0,68,26,21,8,29,23,12,17.9,10,17,8.9,29,0,12,0,16,15,12,0,0.65,1,0.4,0.65,0,1,0,8,15
MOM.124,12040,554,1346,507.5,2559,1049,28,437,17,0,2374.5,7540,768,1943,1622,3973.5,1004,2228,1590,6633,140,958.5,316,90,289,1529,256,1225,181,301,266,136,521,320,29,99,361,59,22,8.5,244,84,48,21,148,3012.5,100,1003.5,79,301,221,9,0,1407,151,155,91,665,263,88,332,18,31,295,200,189,2,243,56,143,252,15,75,80,120,11,25.5,0,70,20,35,168,10,68,7,22,0,14,500,10,104,14,8.5,12,2,35,100,0,0,0,93,11,5,21,2,16,8,19,20,1,43,0,63,19.5,0,4,0,4,6,60,0,3,2,0,0,0,0,8,38,0,0,22,41,19,0,14.5,409.5,0,0,11,0,15,19,0,9,196,7,0,10,19,0,0,0,18,0,32,0,0,37,28,0,76,22,8,12,0,19,14,7,2,3,0,22,0,0,95,16,0,0,0,0,6,32,0,0,2,0,0,150.5,1,3,34.8333333333333,0,0,51,0,0,0.5,0,13,2,11,3,3,9,0,0,4,0
